channel,component,cost,status,source_id
Paid occasions,Creative and operations,6000,Planning assumption,
Paid occasions,Media envelope,34000,Budget remainder,v3_nurdd_india
Owned lifecycle,"Creative, tooling and operations",12000,Planning assumption,
Owned lifecycle,Messaging envelope,8000,Budget remainder,v3_meta_inr_ratecard_jan2026
Communities and contests,"Partner, prizes and operations",12000,"Planning assumption, no partner quote",
Communities and contests,Click acquisition envelope,8000,Budget remainder,v3_nurdd_india
Native creators,Four nano reels at INR1500,6000,Chosen fee within broad external range,kofluence_2025_report
Native creators,"Usage, editing and distribution",4000,Planning assumption,
Measurement,Experiment setup and analysis,10000,Planning assumption,
