rank,event,tier,event_start,final_date,final_date_basis,session,local_start,local_timezone,window_date,ist_start,timing_cells_passed,status,clash_check,continuity_trigger,offer,rights,timing_confidence,upcoming,score
1,Paris,Masters 1000,2026-11-02,2026-11-08,ATP calendar end date (O),Final,15:00 (modelled),Europe/Paris,2026-11-08,19:30,12/12,Campaign-ready: sell live,Football not checked (no 2026-27 fixture data captured),Race to Turin,INR 99 tournament pass at list,Covered: ATP Tour package (C),"Medium: published date, modelled time (A)",True,92.5
2,Turin,Finals,2026-11-15,2026-11-22,ATP calendar end date (O),Final,15:00 (modelled),Europe/Rome,2026-11-22,19:30,12/12,Campaign-ready: sell live,Football not checked (no 2026-27 fixture data captured),Season finale,INR 99 tournament pass at list,Covered: ATP Tour package (C),"Medium: published date, modelled time (A)",True,92.5
3,Paris,Masters 1000,2026-11-02,2026-11-08,ATP calendar end date (O),Day session,14:00 (modelled),Europe/Paris,2026-11-02,18:30,11/12,Early evening: live with start reminder,Football not checked (no 2026-27 fixture data captured),Race to Turin,INR 99 tournament pass at list; reminder at start; replay for late joiners,Covered: ATP Tour package (C),"Medium: published date, modelled time (A)",True,89.2
4,Turin,Finals,2026-11-15,2026-11-22,ATP calendar end date (O),Day session,14:00 (modelled),Europe/Rome,2026-11-15,18:30,11/12,Early evening: live with start reminder,Football not checked (no 2026-27 fixture data captured),Season finale,INR 99 tournament pass at list; reminder at start; replay for late joiners,Covered: ATP Tour package (C),"Medium: published date, modelled time (A)",True,89.2
5,Halle,500,2026-06-15,2026-06-21,Official order of play (O),Final,15:30 (not before),Europe/Berlin,2026-06-21,19:00,12/12,Campaign-ready: sell live,No overlap found,Post-Slam follow-through: Roland Garros,INR 89 tournament pass at list,Covered: ATP Tour package (C),High: official order of play (O),False,88.0
6,London (Queen's),500,2026-06-15,2026-06-21,Weekly event rule (A),Final,15:00 (modelled),Europe/London,2026-06-21,19:30,12/12,Campaign-ready: sell live,No overlap found,Post-Slam follow-through: Roland Garros,INR 89 tournament pass at list,Covered: ATP Tour package (C),"Low: inherited date, modelled time (A)",False,88.0
7,London (Queen's),500,2026-06-15,2026-06-21,Weekly event rule (A),Day session,14:00 (modelled),Europe/London,2026-06-15,18:30,11/12,Early evening: live with start reminder,No overlap found,Post-Slam follow-through: Roland Garros,INR 89 tournament pass at list; reminder at start; replay for late joiners,Covered: ATP Tour package (C),"Low: inherited date, modelled time (A)",False,84.7
8,Rotterdam,500,2026-02-09,2026-02-15,Official order of play (O),Final,15:30 (not before),Europe/Amsterdam,2026-02-15,20:00,12/12,Campaign-ready: sell live,La Liga fixtures overlapping: 2,Post-Slam follow-through: Australian Open,INR 89 tournament pass at list,Covered: ATP Tour package (C),High: official order of play (O),False,80.5
9,Basel,500,2026-10-26,2026-11-01,ATP calendar end date (O),Final,15:00 (modelled),Europe/Zurich,2026-11-01,19:30,12/12,Campaign-ready: sell live,Football not checked (no 2026-27 fixture data captured),Race to Turin,INR 89 tournament pass at list,Covered: ATP Tour package (C),"Medium: published date, modelled time (A)",True,80.5
10,Vienna,500,2026-10-26,2026-11-01,ATP calendar end date (O),Final,15:00 (modelled),Europe/Vienna,2026-11-01,19:30,12/12,Campaign-ready: sell live,Football not checked (no 2026-27 fixture data captured),Race to Turin,INR 89 tournament pass at list,Covered: ATP Tour package (C),"Low: inherited date, modelled time (A)",True,80.5
11,Madrid,Masters 1000,2026-04-22,2026-05-03,Official order of play (O),Final,17:00 (not before),Europe/Madrid,2026-05-03,20:30,12/12,Campaign-ready: sell live,La Liga fixtures overlapping: 2,No trigger,INR 99 tournament pass at list,Covered: ATP Tour package (C),High: official order of play (O),False,77.5
12,Rome,Masters 1000,2026-05-06,2026-05-17,Official order of play (O),Final,17:00 (not before),Europe/Rome,2026-05-17,20:30,12/12,Campaign-ready: sell live,La Liga fixtures overlapping: 9,No trigger,INR 99 tournament pass at list,Covered: ATP Tour package (C),High: official order of play (O),False,77.5
13,Rotterdam,500,2026-02-09,2026-02-15,Weekly event rule (A),Day session,14:00 (modelled),Europe/Amsterdam,2026-02-09,18:30,11/12,Early evening: live with start reminder,La Liga fixtures overlapping: 2,Post-Slam follow-through: Australian Open,INR 89 tournament pass at list; reminder at start; replay for late joiners,Covered: ATP Tour package (C),"Low: inherited date, modelled time (A)",False,77.2
14,Basel,500,2026-10-26,2026-11-01,ATP calendar end date (O),Day session,14:00 (modelled),Europe/Zurich,2026-10-26,18:30,11/12,Early evening: live with start reminder,Football not checked (no 2026-27 fixture data captured),Race to Turin,INR 89 tournament pass at list; reminder at start; replay for late joiners,Covered: ATP Tour package (C),"Medium: published date, modelled time (A)",True,77.2
15,Vienna,500,2026-10-26,2026-11-01,ATP calendar end date (O),Day session,14:00 (modelled),Europe/Vienna,2026-10-26,18:30,11/12,Early evening: live with start reminder,Football not checked (no 2026-27 fixture data captured),Race to Turin,INR 89 tournament pass at list; reminder at start; replay for late joiners,Covered: ATP Tour package (C),"Low: inherited date, modelled time (A)",True,77.2
16,Estoril,250,2026-07-20,2026-07-26,Weekly event rule (A),Day session,14:00 (modelled),Europe/Lisbon,2026-07-20,18:30,11/12,Early evening: live with start reminder,No overlap found,Post-Slam follow-through: Wimbledon,INR 79 tournament pass at list; reminder at start; replay for late joiners,Covered: ATP Tour package (C),"Low: inherited date, modelled time (A)",False,75.7
17,Halle,500,2026-06-15,2026-06-21,Weekly event rule (A),Day session,14:00 (modelled),Europe/Berlin,2026-06-15,17:30,8/12,Early evening: live with start reminder,No overlap found,Post-Slam follow-through: Roland Garros,INR 89 tournament pass at list; reminder at start; replay for late joiners,Covered: ATP Tour package (C),"Medium: published date, modelled time (A)",False,74.7
18,Monte-Carlo,Masters 1000,2026-04-05,2026-04-12,Weekly event rule (A),Final,15:00 (modelled),Europe/Monaco,2026-04-12,18:30,11/12,Early evening: live with start reminder,La Liga fixtures overlapping: 2,No trigger,INR 99 tournament pass at list; reminder at start; replay for late joiners,Covered: ATP Tour package (C),"Medium: published date, modelled time (A)",False,74.2
19,Miami,Masters 1000,2026-03-18,2026-03-29,Official order of play (O),Final,12:30 (scheduled),America/New_York,2026-03-29,22:00,8/12,Late: remind + replay,No overlap found,No trigger,Reminder; INR 39 replay default; 10% late discount only as a test arm,Covered: ATP Tour package (C),High: official order of play (O),False,71.7
20,Montpellier,250,2026-02-02,2026-02-08,Weekly event rule (A),Final,15:00 (modelled),Europe/Paris,2026-02-08,19:30,12/12,Campaign-ready: sell live,La Liga fixtures overlapping: 3,Post-Slam follow-through: Australian Open,INR 79 tournament pass at list,Covered: ATP Tour package (C),"Medium: published date, modelled time (A)",False,71.5
21,Almaty,250,2026-10-19,2026-10-25,ATP calendar end date (O),Night session,19:00 (modelled),Asia/Almaty,2026-10-19,19:30,12/12,Campaign-ready: sell live,Football not checked (no 2026-27 fixture data captured),Race to Turin,INR 79 tournament pass at list,Covered: ATP Tour package (C),"Medium: published date, modelled time (A)",True,71.5
22,Brussels,250,2026-10-19,2026-10-25,ATP calendar end date (O),Final,15:00 (modelled),Europe/Brussels,2026-10-25,19:30,12/12,Campaign-ready: sell live,Football not checked (no 2026-27 fixture data captured),Race to Turin,INR 79 tournament pass at list,Covered: ATP Tour package (C),"Low: inherited date, modelled time (A)",True,71.5
23,Lyon,250,2026-10-19,2026-10-25,ATP calendar end date (O),Final,15:00 (modelled),Europe/Paris,2026-10-25,19:30,12/12,Campaign-ready: sell live,Football not checked (no 2026-27 fixture data captured),Race to Turin,INR 79 tournament pass at list,Covered: ATP Tour package (C),"Low: inherited date, modelled time (A)",True,71.5
24,Stockholm,250,2026-11-08,2026-11-14,ATP calendar end date (O),Final,15:00 (modelled),Europe/Stockholm,2026-11-14,19:30,12/12,Campaign-ready: sell live,Football not checked (no 2026-27 fixture data captured),Race to Turin,INR 79 tournament pass at list,Covered: ATP Tour package (C),"Medium: published date, modelled time (A)",True,71.5
25,Halle,500,2026-06-15,2026-06-21,Weekly event rule (A),Night session,19:00 (modelled),Europe/Berlin,2026-06-15,22:30,7/12,Late: remind + replay,No overlap found,Post-Slam follow-through: Roland Garros,Reminder; INR 39 replay default; 10% late discount only as a test arm,Covered: ATP Tour package (C),"Medium: published date, modelled time (A)",False,71.3
26,Barcelona,500,2026-04-13,2026-04-19,Weekly event rule (A),Final,15:00 (modelled),Europe/Madrid,2026-04-19,18:30,11/12,Early evening: live with start reminder,No overlap found,No trigger,INR 89 tournament pass at list; reminder at start; replay for late joiners,Covered: ATP Tour package (C),"Medium: published date, modelled time (A)",False,69.7
27,Munich,500,2026-04-13,2026-04-19,Weekly event rule (A),Final,15:00 (modelled),Europe/Berlin,2026-04-19,18:30,11/12,Early evening: live with start reminder,No overlap found,No trigger,INR 89 tournament pass at list; reminder at start; replay for late joiners,Covered: ATP Tour package (C),"Low: inherited date, modelled time (A)",False,69.7
28,Hamburg,500,2026-05-17,2026-05-23,Weekly event rule (A),Final,15:00 (modelled),Europe/Berlin,2026-05-23,18:30,11/12,Early evening: live with start reminder,No overlap found,No trigger,INR 89 tournament pass at list; reminder at start; replay for late joiners,Covered: ATP Tour package (C),"Medium: published date, modelled time (A)",False,69.7
29,Montpellier,250,2026-02-02,2026-02-08,Weekly event rule (A),Day session,14:00 (modelled),Europe/Paris,2026-02-02,18:30,11/12,Early evening: live with start reminder,La Liga fixtures overlapping: 1,Post-Slam follow-through: Australian Open,INR 79 tournament pass at list; reminder at start; replay for late joiners,Covered: ATP Tour package (C),"Medium: published date, modelled time (A)",False,68.2
30,Stockholm,250,2026-11-08,2026-11-14,ATP calendar end date (O),Day session,14:00 (modelled),Europe/Stockholm,2026-11-08,18:30,11/12,Early evening: live with start reminder,Football not checked (no 2026-27 fixture data captured),Race to Turin,INR 79 tournament pass at list; reminder at start; replay for late joiners,Covered: ATP Tour package (C),"Medium: published date, modelled time (A)",True,68.2
31,'s-Hertogenbosch,250,2026-06-08,2026-06-14,Weekly event rule (A),Day session,14:00 (modelled),Europe/Amsterdam,2026-06-08,17:30,8/12,Early evening: live with start reminder,No overlap found,Post-Slam follow-through: Roland Garros,INR 79 tournament pass at list; reminder at start; replay for late joiners,Covered: ATP Tour package (C),"Medium: published date, modelled time (A)",False,65.7
32,Stuttgart,250,2026-06-08,2026-06-14,Weekly event rule (A),Day session,14:00 (modelled),Europe/Berlin,2026-06-08,17:30,8/12,Early evening: live with start reminder,No overlap found,Post-Slam follow-through: Roland Garros,INR 79 tournament pass at list; reminder at start; replay for late joiners,Covered: ATP Tour package (C),"Low: inherited date, modelled time (A)",False,65.7
33,Bastad,250,2026-07-13,2026-07-19,Weekly event rule (A),Day session,14:00 (modelled),Europe/Stockholm,2026-07-13,17:30,8/12,Early evening: live with start reminder,No overlap found,Post-Slam follow-through: Wimbledon,INR 79 tournament pass at list; reminder at start; replay for late joiners,Covered: ATP Tour package (C),"Medium: published date, modelled time (A)",False,65.7
34,Gstaad,250,2026-07-13,2026-07-19,Weekly event rule (A),Day session,14:00 (modelled),Europe/Zurich,2026-07-13,17:30,8/12,Early evening: live with start reminder,No overlap found,Post-Slam follow-through: Wimbledon,INR 79 tournament pass at list; reminder at start; replay for late joiners,Covered: ATP Tour package (C),"Low: inherited date, modelled time (A)",False,65.7
35,Umag,250,2026-07-13,2026-07-19,Weekly event rule (A),Day session,14:00 (modelled),Europe/Zagreb,2026-07-13,17:30,8/12,Early evening: live with start reminder,No overlap found,Post-Slam follow-through: Wimbledon,INR 79 tournament pass at list; reminder at start; replay for late joiners,Covered: ATP Tour package (C),"Low: inherited date, modelled time (A)",False,65.7
36,Kitzbuhel,250,2026-07-20,2026-07-26,Weekly event rule (A),Day session,14:00 (modelled),Europe/Vienna,2026-07-20,17:30,8/12,Early evening: live with start reminder,No overlap found,Post-Slam follow-through: Wimbledon,INR 79 tournament pass at list; reminder at start; replay for late joiners,Covered: ATP Tour package (C),"Medium: published date, modelled time (A)",False,65.7
37,Dubai,500,2026-02-23,2026-03-01,Weekly event rule (A),Night session,19:00 (modelled),Asia/Dubai,2026-02-23,20:30,12/12,Campaign-ready: sell live,La Liga fixtures overlapping: 3,No trigger,INR 89 tournament pass at list,Covered: ATP Tour package (C),"Low: inherited date, modelled time (A)",False,65.5
38,Dubai,500,2026-02-23,2026-02-28,Official order of play (O),Final,19:00 (not before),Asia/Dubai,2026-02-28,20:30,12/12,Campaign-ready: sell live,La Liga fixtures overlapping: 3,No trigger,INR 89 tournament pass at list,Covered: ATP Tour package (C),High: official order of play (O),False,65.5
39,Monte-Carlo,Masters 1000,2026-04-05,2026-04-12,Weekly event rule (A),Day session,14:00 (modelled),Europe/Monaco,2026-04-05,17:30,8/12,Early evening: live with start reminder,La Liga fixtures overlapping: 4,No trigger,INR 99 tournament pass at list; reminder at start; replay for late joiners,Covered: ATP Tour package (C),"Medium: published date, modelled time (A)",False,64.2
40,Madrid,Masters 1000,2026-04-22,2026-05-03,"Start + 11 days, 12-day Masters (A)",Day session,14:00 (modelled),Europe/Madrid,2026-04-22,17:30,8/12,Early evening: live with start reminder,La Liga fixtures overlapping: 6,No trigger,INR 99 tournament pass at list; reminder at start; replay for late joiners,Covered: ATP Tour package (C),"Medium: published date, modelled time (A)",False,64.2
41,Rome,Masters 1000,2026-05-06,2026-05-17,"Start + 11 days, 12-day Masters (A)",Day session,14:00 (modelled),Europe/Rome,2026-05-06,17:30,8/12,Early evening: live with start reminder,La Liga fixtures overlapping: 4,No trigger,INR 99 tournament pass at list; reminder at start; replay for late joiners,Covered: ATP Tour package (C),"Medium: published date, modelled time (A)",False,64.2
42,Eastbourne,250,2026-06-22,2026-06-27,Weekly event rule (A),Final,15:00 (modelled),Europe/London,2026-06-27,19:30,12/12,Campaign-ready: sell live,No overlap found,No trigger,INR 79 tournament pass at list,Covered: ATP Tour package (C),"Medium: published date, modelled time (A)",False,64.0
43,Estoril,250,2026-07-20,2026-07-26,Weekly event rule (A),Final,15:00 (modelled),Europe/Lisbon,2026-07-26,19:30,12/12,Campaign-ready: sell live,F1: Hungarian Grand Prix,Post-Slam follow-through: Wimbledon,INR 79 tournament pass at list,Covered: ATP Tour package (C),"Low: inherited date, modelled time (A)",False,64.0
44,'s-Hertogenbosch,250,2026-06-08,2026-06-14,Weekly event rule (A),Night session,19:00 (modelled),Europe/Amsterdam,2026-06-08,22:30,7/12,Late: remind + replay,No overlap found,Post-Slam follow-through: Roland Garros,Reminder; INR 39 replay default; 10% late discount only as a test arm,Covered: ATP Tour package (C),"Medium: published date, modelled time (A)",False,62.3
45,Stuttgart,250,2026-06-08,2026-06-14,Weekly event rule (A),Night session,19:00 (modelled),Europe/Berlin,2026-06-08,22:30,7/12,Late: remind + replay,No overlap found,Post-Slam follow-through: Roland Garros,Reminder; INR 39 replay default; 10% late discount only as a test arm,Covered: ATP Tour package (C),"Low: inherited date, modelled time (A)",False,62.3
46,Bastad,250,2026-07-13,2026-07-19,Weekly event rule (A),Night session,19:00 (modelled),Europe/Stockholm,2026-07-13,22:30,7/12,Late: remind + replay,No overlap found,Post-Slam follow-through: Wimbledon,Reminder; INR 39 replay default; 10% late discount only as a test arm,Covered: ATP Tour package (C),"Medium: published date, modelled time (A)",False,62.3
47,Gstaad,250,2026-07-13,2026-07-19,Weekly event rule (A),Night session,19:00 (modelled),Europe/Zurich,2026-07-13,22:30,7/12,Late: remind + replay,No overlap found,Post-Slam follow-through: Wimbledon,Reminder; INR 39 replay default; 10% late discount only as a test arm,Covered: ATP Tour package (C),"Low: inherited date, modelled time (A)",False,62.3
48,Umag,250,2026-07-13,2026-07-19,Weekly event rule (A),Night session,19:00 (modelled),Europe/Zagreb,2026-07-13,22:30,7/12,Late: remind + replay,No overlap found,Post-Slam follow-through: Wimbledon,Reminder; INR 39 replay default; 10% late discount only as a test arm,Covered: ATP Tour package (C),"Low: inherited date, modelled time (A)",False,62.3
49,Kitzbuhel,250,2026-07-20,2026-07-26,Weekly event rule (A),Night session,19:00 (modelled),Europe/Vienna,2026-07-20,22:30,7/12,Late: remind + replay,No overlap found,Post-Slam follow-through: Wimbledon,Reminder; INR 39 replay default; 10% late discount only as a test arm,Covered: ATP Tour package (C),"Medium: published date, modelled time (A)",False,62.3
50,Doha,500,2026-02-16,2026-02-22,Weekly event rule (A),Night session,19:00 (modelled),Asia/Qatar,2026-02-16,21:30,11/12,Late: remind + replay,La Liga fixtures overlapping: 2,No trigger,Reminder; INR 39 replay default; 10% late discount only as a test arm,Covered: ATP Tour package (C),"Medium: published date, modelled time (A)",False,62.2
51,Monte-Carlo,Masters 1000,2026-04-05,2026-04-12,Weekly event rule (A),Night session,19:00 (modelled),Europe/Monaco,2026-04-05,22:30,7/12,Late: remind + replay,La Liga fixtures overlapping: 6,No trigger,Reminder; INR 39 replay default; 10% late discount only as a test arm,Covered: ATP Tour package (C),"Medium: published date, modelled time (A)",False,60.8
52,Madrid,Masters 1000,2026-04-22,2026-05-03,"Start + 11 days, 12-day Masters (A)",Night session,19:00 (modelled),Europe/Madrid,2026-04-22,22:30,7/12,Late: remind + replay,La Liga fixtures overlapping: 15,No trigger,Reminder; INR 39 replay default; 10% late discount only as a test arm,Covered: ATP Tour package (C),"Medium: published date, modelled time (A)",False,60.8
53,Rome,Masters 1000,2026-05-06,2026-05-17,"Start + 11 days, 12-day Masters (A)",Night session,19:00 (modelled),Europe/Rome,2026-05-06,22:30,7/12,Late: remind + replay,La Liga fixtures overlapping: 16,No trigger,Reminder; INR 39 replay default; 10% late discount only as a test arm,Covered: ATP Tour package (C),"Medium: published date, modelled time (A)",False,60.8
54,Geneva,250,2026-05-17,2026-05-23,Weekly event rule (A),Final,15:00 (modelled),Europe/Zurich,2026-05-23,18:30,11/12,Early evening: live with start reminder,No overlap found,No trigger,INR 79 tournament pass at list; reminder at start; replay for late joiners,Covered: ATP Tour package (C),"Low: inherited date, modelled time (A)",False,60.7
55,'s-Hertogenbosch,250,2026-06-08,2026-06-14,Weekly event rule (A),Final,15:00 (modelled),Europe/Amsterdam,2026-06-14,18:30,11/12,Early evening: live with start reminder,F1: Barcelona Grand Prix,Post-Slam follow-through: Roland Garros,INR 79 tournament pass at list; reminder at start; replay for late joiners,Covered: ATP Tour package (C),"Medium: published date, modelled time (A)",False,60.7
56,Stuttgart,250,2026-06-08,2026-06-14,Weekly event rule (A),Final,15:00 (modelled),Europe/Berlin,2026-06-14,18:30,11/12,Early evening: live with start reminder,F1: Barcelona Grand Prix,Post-Slam follow-through: Roland Garros,INR 79 tournament pass at list; reminder at start; replay for late joiners,Covered: ATP Tour package (C),"Low: inherited date, modelled time (A)",False,60.7
57,Eastbourne,250,2026-06-22,2026-06-27,Weekly event rule (A),Day session,14:00 (modelled),Europe/London,2026-06-22,18:30,11/12,Early evening: live with start reminder,No overlap found,No trigger,INR 79 tournament pass at list; reminder at start; replay for late joiners,Covered: ATP Tour package (C),"Medium: published date, modelled time (A)",False,60.7
58,Mallorca,250,2026-06-21,2026-06-27,Weekly event rule (A),Final,15:00 (modelled),Europe/Madrid,2026-06-27,18:30,11/12,Early evening: live with start reminder,No overlap found,No trigger,INR 79 tournament pass at list; reminder at start; replay for late joiners,Covered: ATP Tour package (C),"Medium: published date, modelled time (A)",False,60.7
59,Bastad,250,2026-07-13,2026-07-19,Weekly event rule (A),Final,15:00 (modelled),Europe/Stockholm,2026-07-19,18:30,11/12,Early evening: live with start reminder,F1: Belgian Grand Prix,Post-Slam follow-through: Wimbledon,INR 79 tournament pass at list; reminder at start; replay for late joiners,Covered: ATP Tour package (C),"Medium: published date, modelled time (A)",False,60.7
60,Gstaad,250,2026-07-13,2026-07-19,Weekly event rule (A),Final,15:00 (modelled),Europe/Zurich,2026-07-19,18:30,11/12,Early evening: live with start reminder,F1: Belgian Grand Prix,Post-Slam follow-through: Wimbledon,INR 79 tournament pass at list; reminder at start; replay for late joiners,Covered: ATP Tour package (C),"Low: inherited date, modelled time (A)",False,60.7
61,Umag,250,2026-07-13,2026-07-19,Weekly event rule (A),Final,15:00 (modelled),Europe/Zagreb,2026-07-19,18:30,11/12,Early evening: live with start reminder,F1: Belgian Grand Prix,Post-Slam follow-through: Wimbledon,INR 79 tournament pass at list; reminder at start; replay for late joiners,Covered: ATP Tour package (C),"Low: inherited date, modelled time (A)",False,60.7
62,Kitzbuhel,250,2026-07-20,2026-07-26,Weekly event rule (A),Final,15:00 (modelled),Europe/Vienna,2026-07-26,18:30,11/12,Early evening: live with start reminder,F1: Hungarian Grand Prix,Post-Slam follow-through: Wimbledon,INR 79 tournament pass at list; reminder at start; replay for late joiners,Covered: ATP Tour package (C),"Medium: published date, modelled time (A)",False,60.7
63,Barcelona,500,2026-04-13,2026-04-19,Weekly event rule (A),Day session,14:00 (modelled),Europe/Madrid,2026-04-13,17:30,8/12,Early evening: live with start reminder,No overlap found,No trigger,INR 89 tournament pass at list; reminder at start; replay for late joiners,Covered: ATP Tour package (C),"Medium: published date, modelled time (A)",False,59.7
64,Munich,500,2026-04-13,2026-04-19,Weekly event rule (A),Day session,14:00 (modelled),Europe/Berlin,2026-04-13,17:30,8/12,Early evening: live with start reminder,No overlap found,No trigger,INR 89 tournament pass at list; reminder at start; replay for late joiners,Covered: ATP Tour package (C),"Low: inherited date, modelled time (A)",False,59.7
65,Hamburg,500,2026-05-17,2026-05-23,Weekly event rule (A),Day session,14:00 (modelled),Europe/Berlin,2026-05-17,17:30,8/12,Early evening: live with start reminder,No overlap found,No trigger,INR 89 tournament pass at list; reminder at start; replay for late joiners,Covered: ATP Tour package (C),"Medium: published date, modelled time (A)",False,59.7
66,Paris,Masters 1000,2026-11-02,2026-11-08,ATP calendar end date (O),Night session,19:00 (modelled),Europe/Paris,2026-11-02,23:30,2/12,Late: remind + replay,Football not checked (no 2026-27 fixture data captured),Race to Turin,Reminder; INR 39 replay default; 10% late discount only as a test arm,Covered: ATP Tour package (C),"Medium: published date, modelled time (A)",True,59.2
67,Turin,Finals,2026-11-15,2026-11-22,ATP calendar end date (O),Night session,19:00 (modelled),Europe/Rome,2026-11-15,23:30,2/12,Late: remind + replay,Football not checked (no 2026-27 fixture data captured),Season finale,Reminder; INR 39 replay default; 10% late discount only as a test arm,Covered: ATP Tour package (C),"Medium: published date, modelled time (A)",True,59.2
68,Shanghai,Masters 1000,2026-10-07,2026-10-18,ATP calendar end date (O),Night session,19:00 (modelled),Asia/Shanghai,2026-10-07,16:30,4/12,Early evening: live with start reminder,F1: Singapore Grand Prix; Football not checked (no 2026-27 fixture data captured),Race to Turin,INR 99 tournament pass at list; reminder at start; replay for late joiners,Covered: ATP Tour package (C),"Medium: published date, modelled time (A)",True,58.3
69,Brussels,250,2026-10-19,2026-10-25,ATP calendar end date (O),Day session,14:00 (modelled),Europe/Brussels,2026-10-19,17:30,8/12,Early evening: live with start reminder,Football not checked (no 2026-27 fixture data captured),Race to Turin,INR 79 tournament pass at list; reminder at start; replay for late joiners,Covered: ATP Tour package (C),"Low: inherited date, modelled time (A)",True,58.2
70,Lyon,250,2026-10-19,2026-10-25,ATP calendar end date (O),Day session,14:00 (modelled),Europe/Paris,2026-10-19,17:30,8/12,Early evening: live with start reminder,Football not checked (no 2026-27 fixture data captured),Race to Turin,INR 79 tournament pass at list; reminder at start; replay for late joiners,Covered: ATP Tour package (C),"Low: inherited date, modelled time (A)",True,58.2
71,Marrakech,250,2026-03-30,2026-04-05,Official order of play (O),Final,15:00 (scheduled),Africa/Casablanca,2026-04-05,19:30,12/12,Campaign-ready: sell live,La Liga fixtures overlapping: 3,No trigger,INR 79 tournament pass at list,Covered: ATP Tour package (C),High: official order of play (O),False,56.5
72,Buenos Aires,250,2026-02-09,2026-02-15,Weekly event rule (A),Day session,14:00 (modelled),America/Argentina/Buenos_Aires,2026-02-09,22:30,7/12,Late: remind + replay,La Liga fixtures overlapping: 2,Post-Slam follow-through: Australian Open,Reminder; INR 39 replay default; 10% late discount only as a test arm,Covered: ATP Tour package (C),"Low: inherited date, modelled time (A)",False,54.8
73,Brussels,250,2026-10-19,2026-10-25,ATP calendar end date (O),Night session,19:00 (modelled),Europe/Brussels,2026-10-19,22:30,7/12,Late: remind + replay,Football not checked (no 2026-27 fixture data captured),Race to Turin,Reminder; INR 39 replay default; 10% late discount only as a test arm,Covered: ATP Tour package (C),"Low: inherited date, modelled time (A)",True,54.8
74,Lyon,250,2026-10-19,2026-10-25,ATP calendar end date (O),Night session,19:00 (modelled),Europe/Paris,2026-10-19,22:30,7/12,Late: remind + replay,Football not checked (no 2026-27 fixture data captured),Race to Turin,Reminder; INR 39 replay default; 10% late discount only as a test arm,Covered: ATP Tour package (C),"Low: inherited date, modelled time (A)",True,54.8
75,London (Queen's),500,2026-06-15,2026-06-21,Weekly event rule (A),Night session,19:00 (modelled),Europe/London,2026-06-15,23:30,2/12,Late: remind + replay,No overlap found,Post-Slam follow-through: Roland Garros,Reminder; INR 39 replay default; 10% late discount only as a test arm,Covered: ATP Tour package (C),"Low: inherited date, modelled time (A)",False,54.7
76,Bucharest,250,2026-03-30,2026-04-05,Weekly event rule (A),Night session,19:00 (modelled),Europe/Bucharest,2026-03-30,21:30,11/12,Late: remind + replay,La Liga fixtures overlapping: 2,No trigger,Reminder; INR 39 replay default; 10% late discount only as a test arm,Covered: ATP Tour package (C),"Medium: published date, modelled time (A)",False,53.2
77,Marrakech,250,2026-03-30,2026-04-05,Weekly event rule (A),Day session,14:00 (modelled),Africa/Casablanca,2026-03-30,18:30,11/12,Early evening: live with start reminder,La Liga fixtures overlapping: 2,No trigger,INR 79 tournament pass at list; reminder at start; replay for late joiners,Covered: ATP Tour package (C),"Low: inherited date, modelled time (A)",False,53.2
78,Shanghai,Masters 1000,2026-10-07,2026-10-18,ATP calendar end date (O),Day session,14:00 (modelled),Asia/Shanghai,2026-10-07,11:30,0/12,Daytime: highlights,Football not checked (no 2026-27 fixture data captured),Race to Turin,Highlights and next-occasion prompt; no live acquisition spend,Covered: ATP Tour package (C),"Medium: published date, modelled time (A)",True,52.5
79,Shanghai,Masters 1000,2026-10-07,2026-10-18,ATP calendar end date (O),Final,15:00 (modelled),Asia/Shanghai,2026-10-18,12:30,0/12,Daytime: highlights,Football not checked (no 2026-27 fixture data captured),Race to Turin,Highlights and next-occasion prompt; no live acquisition spend,Covered: ATP Tour package (C),"Medium: published date, modelled time (A)",True,52.5
80,Montreal,Masters 1000,2026-08-02,2026-08-13,"Start + 11 days, 12-day Masters (A)",Day session,14:00 (modelled),America/Toronto,2026-08-02,23:30,2/12,Late: remind + replay,No overlap found,No trigger,Reminder; INR 39 replay default; 10% late discount only as a test arm,Covered: ATP Tour package (C),"Medium: published date, modelled time (A)",False,51.7
81,Geneva,250,2026-05-17,2026-05-23,Weekly event rule (A),Day session,14:00 (modelled),Europe/Zurich,2026-05-17,17:30,8/12,Early evening: live with start reminder,No overlap found,No trigger,INR 79 tournament pass at list; reminder at start; replay for late joiners,Covered: ATP Tour package (C),"Low: inherited date, modelled time (A)",False,50.7
82,Mallorca,250,2026-06-21,2026-06-27,Weekly event rule (A),Day session,14:00 (modelled),Europe/Madrid,2026-06-21,17:30,8/12,Early evening: live with start reminder,No overlap found,No trigger,INR 79 tournament pass at list; reminder at start; replay for late joiners,Covered: ATP Tour package (C),"Medium: published date, modelled time (A)",False,50.7
83,Rio de Janeiro,500,2026-02-16,2026-02-22,Weekly event rule (A),Day session,14:00 (modelled),America/Sao_Paulo,2026-02-16,22:30,7/12,Late: remind + replay,La Liga fixtures overlapping: 3,No trigger,Reminder; INR 39 replay default; 10% late discount only as a test arm,Covered: ATP Tour package (C),"Low: inherited date, modelled time (A)",False,48.8
84,Barcelona,500,2026-04-13,2026-04-19,Weekly event rule (A),Night session,19:00 (modelled),Europe/Madrid,2026-04-13,22:30,7/12,Late: remind + replay,La Liga fixtures overlapping: 1,No trigger,Reminder; INR 39 replay default; 10% late discount only as a test arm,Covered: ATP Tour package (C),"Medium: published date, modelled time (A)",False,48.8
85,Munich,500,2026-04-13,2026-04-19,Weekly event rule (A),Night session,19:00 (modelled),Europe/Berlin,2026-04-13,22:30,7/12,Late: remind + replay,La Liga fixtures overlapping: 1,No trigger,Reminder; INR 39 replay default; 10% late discount only as a test arm,Covered: ATP Tour package (C),"Low: inherited date, modelled time (A)",False,48.8
86,Hamburg,500,2026-05-17,2026-05-23,Weekly event rule (A),Night session,19:00 (modelled),Europe/Berlin,2026-05-17,22:30,7/12,Late: remind + replay,La Liga fixtures overlapping: 10,No trigger,Reminder; INR 39 replay default; 10% late discount only as a test arm,Covered: ATP Tour package (C),"Medium: published date, modelled time (A)",False,48.8
87,Dallas,500,2026-02-09,2026-02-15,Weekly event rule (A),Night session,19:00 (modelled),America/Chicago,2026-02-09,06:30,0/12,Overnight: replay only,No overlap found,Post-Slam follow-through: Australian Open,INR 39 replay where rights permit,Covered: ATP Tour package (C),"Medium: published date, modelled time (A)",False,48.0
88,Mallorca,250,2026-06-21,2026-06-27,Weekly event rule (A),Night session,19:00 (modelled),Europe/Madrid,2026-06-21,22:30,7/12,Late: remind + replay,No overlap found,No trigger,Reminder; INR 39 replay default; 10% late discount only as a test arm,Covered: ATP Tour package (C),"Medium: published date, modelled time (A)",False,47.3
89,Rotterdam,500,2026-02-09,2026-02-15,Weekly event rule (A),Night session,19:00 (modelled),Europe/Amsterdam,2026-02-09,23:30,2/12,Late: remind + replay,La Liga fixtures overlapping: 4,Post-Slam follow-through: Australian Open,Reminder; INR 39 replay default; 10% late discount only as a test arm,Covered: ATP Tour package (C),"Low: inherited date, modelled time (A)",False,47.2
90,Basel,500,2026-10-26,2026-11-01,ATP calendar end date (O),Night session,19:00 (modelled),Europe/Zurich,2026-10-26,23:30,2/12,Late: remind + replay,Football not checked (no 2026-27 fixture data captured),Race to Turin,Reminder; INR 39 replay default; 10% late discount only as a test arm,Covered: ATP Tour package (C),"Medium: published date, modelled time (A)",True,47.2
91,Vienna,500,2026-10-26,2026-11-01,ATP calendar end date (O),Night session,19:00 (modelled),Europe/Vienna,2026-10-26,23:30,2/12,Late: remind + replay,Football not checked (no 2026-27 fixture data captured),Race to Turin,Reminder; INR 39 replay default; 10% late discount only as a test arm,Covered: ATP Tour package (C),"Low: inherited date, modelled time (A)",True,47.2
92,Estoril,250,2026-07-20,2026-07-26,Weekly event rule (A),Night session,19:00 (modelled),Europe/Lisbon,2026-07-20,23:30,2/12,Late: remind + replay,No overlap found,Post-Slam follow-through: Wimbledon,Reminder; INR 39 replay default; 10% late discount only as a test arm,Covered: ATP Tour package (C),"Low: inherited date, modelled time (A)",False,45.7
93,Miami,Masters 1000,2026-03-18,2026-03-29,"Start + 11 days, 12-day Masters (A)",Night session,19:00 (modelled),America/New_York,2026-03-18,04:30,0/12,Overnight: replay only,No overlap found,No trigger,INR 39 replay where rights permit,Covered: ATP Tour package (C),"Medium: published date, modelled time (A)",False,45.0
94,Montreal,Masters 1000,2026-08-02,2026-08-13,"Start + 11 days, 12-day Masters (A)",Night session,19:00 (modelled),America/Toronto,2026-08-02,04:30,0/12,Overnight: replay only,No overlap found,No trigger,INR 39 replay where rights permit,Covered: ATP Tour package (C),"Medium: published date, modelled time (A)",False,45.0
95,Montreal,Masters 1000,2026-08-02,2026-08-13,"Start + 11 days, 12-day Masters (A)",Final,15:00 (modelled),America/Toronto,2026-08-13,00:30,0/12,Overnight: replay only,No overlap found,No trigger,INR 39 replay where rights permit,Covered: ATP Tour package (C),"Medium: published date, modelled time (A)",False,45.0
96,Cincinnati,Masters 1000,2026-08-13,2026-08-24,"Start + 11 days, 12-day Masters (A)",Night session,19:00 (modelled),America/New_York,2026-08-13,04:30,0/12,Overnight: replay only,No overlap found,No trigger,INR 39 replay where rights permit,Covered: ATP Tour package (C),"Medium: published date, modelled time (A)",False,45.0
97,Miami,Masters 1000,2026-03-18,2026-03-29,"Start + 11 days, 12-day Masters (A)",Day session,14:00 (modelled),America/New_York,2026-03-18,23:30,2/12,Late: remind + replay,La Liga fixtures overlapping: 6,No trigger,Reminder; INR 39 replay default; 10% late discount only as a test arm,Covered: ATP Tour package (C),"Medium: published date, modelled time (A)",False,44.2
98,Cincinnati,Masters 1000,2026-08-13,2026-08-24,"Start + 11 days, 12-day Masters (A)",Day session,14:00 (modelled),America/New_York,2026-08-13,23:30,2/12,Late: remind + replay,La Liga fixtures overlapping: 11,No trigger,Reminder; INR 39 replay default; 10% late discount only as a test arm,Covered: ATP Tour package (C),"Medium: published date, modelled time (A)",False,44.2
99,Bucharest,250,2026-03-30,2026-04-05,Weekly event rule (A),Final,15:00 (modelled),Europe/Bucharest,2026-04-05,17:30,8/12,Early evening: live with start reminder,La Liga fixtures overlapping: 2,No trigger,INR 79 tournament pass at list; reminder at start; replay for late joiners,Covered: ATP Tour package (C),"Medium: published date, modelled time (A)",False,43.2
100,Dallas,500,2026-02-09,2026-02-15,Weekly event rule (A),Day session,14:00 (modelled),America/Chicago,2026-02-09,01:30,0/12,Overnight: replay only,La Liga fixtures overlapping: 3,Post-Slam follow-through: Australian Open,INR 39 replay where rights permit,Covered: ATP Tour package (C),"Medium: published date, modelled time (A)",False,40.5
101,Dallas,500,2026-02-09,2026-02-15,Weekly event rule (A),Final,15:00 (modelled),America/Chicago,2026-02-15,02:30,0/12,Overnight: replay only,La Liga fixtures overlapping: 1,Post-Slam follow-through: Australian Open,INR 39 replay where rights permit,Covered: ATP Tour package (C),"Medium: published date, modelled time (A)",False,40.5
102,Santiago,250,2026-02-23,2026-03-01,Weekly event rule (A),Day session,14:00 (modelled),America/Santiago,2026-02-23,22:30,7/12,Late: remind + replay,La Liga fixtures overlapping: 2,No trigger,Reminder; INR 39 replay default; 10% late discount only as a test arm,Covered: ATP Tour package (C),"Low: inherited date, modelled time (A)",False,39.8
103,Geneva,250,2026-05-17,2026-05-23,Weekly event rule (A),Night session,19:00 (modelled),Europe/Zurich,2026-05-17,22:30,7/12,Late: remind + replay,La Liga fixtures overlapping: 10,No trigger,Reminder; INR 39 replay default; 10% late discount only as a test arm,Covered: ATP Tour package (C),"Low: inherited date, modelled time (A)",False,39.8
104,Washington,500,2026-07-27,2026-08-02,Weekly event rule (A),Day session,14:00 (modelled),America/New_York,2026-07-27,23:30,2/12,Late: remind + replay,No overlap found,No trigger,Reminder; INR 39 replay default; 10% late discount only as a test arm,Covered: ATP Tour package (C),"Medium: published date, modelled time (A)",False,39.7
105,Doha,500,2026-02-16,2026-02-22,Weekly event rule (A),Day session,14:00 (modelled),Asia/Qatar,2026-02-16,16:30,4/12,Early evening: live with start reminder,La Liga fixtures overlapping: 1,No trigger,INR 89 tournament pass at list; reminder at start; replay for late joiners,Covered: ATP Tour package (C),"Medium: published date, modelled time (A)",False,38.8
106,Beijing,500,2026-09-30,2026-10-06,ATP calendar end date (O),Night session,19:00 (modelled),Asia/Shanghai,2026-09-30,16:30,4/12,Early evening: live with start reminder,Football not checked (no 2026-27 fixture data captured),No trigger,INR 89 tournament pass at list; reminder at start; replay for late joiners,Covered: ATP Tour package (C),"Low: inherited date, modelled time (A)",True,38.8
107,Montpellier,250,2026-02-02,2026-02-08,Weekly event rule (A),Night session,19:00 (modelled),Europe/Paris,2026-02-02,23:30,2/12,Late: remind + replay,La Liga fixtures overlapping: 3,Post-Slam follow-through: Australian Open,Reminder; INR 39 replay default; 10% late discount only as a test arm,Covered: ATP Tour package (C),"Medium: published date, modelled time (A)",False,38.2
108,Buenos Aires,250,2026-02-09,2026-02-15,Weekly event rule (A),Final,15:00 (modelled),America/Argentina/Buenos_Aires,2026-02-15,23:30,2/12,Late: remind + replay,La Liga fixtures overlapping: 2,Post-Slam follow-through: Australian Open,Reminder; INR 39 replay default; 10% late discount only as a test arm,Covered: ATP Tour package (C),"Low: inherited date, modelled time (A)",False,38.2
109,Indian Wells,Masters 1000,2026-03-04,2026-03-15,"Start + 11 days, 12-day Masters (A)",Day session,14:00 (modelled),America/Los_Angeles,2026-03-04,02:30,0/12,Overnight: replay only,La Liga fixtures overlapping: 6,No trigger,INR 39 replay where rights permit,Covered: ATP Tour package (C),"Medium: published date, modelled time (A)",False,37.5
110,Indian Wells,Masters 1000,2026-03-04,2026-03-15,Official order of play (O),Final,14:00 (not before),America/Los_Angeles,2026-03-15,02:30,0/12,Overnight: replay only,La Liga fixtures overlapping: 1,No trigger,INR 39 replay where rights permit,Covered: ATP Tour package (C),High: official order of play (O),False,37.5
111,Cincinnati,Masters 1000,2026-08-13,2026-08-24,"Start + 11 days, 12-day Masters (A)",Final,15:00 (modelled),America/New_York,2026-08-24,00:30,0/12,Overnight: replay only,La Liga fixtures overlapping: 2,No trigger,INR 39 replay where rights permit,Covered: ATP Tour package (C),"Medium: published date, modelled time (A)",False,37.5
112,Chengdu,250,2026-09-23,2026-09-29,ATP calendar end date (O),Night session,19:00 (modelled),Asia/Shanghai,2026-09-23,16:30,4/12,Early evening: live with start reminder,F1: Azerbaijan Grand Prix; Football not checked (no 2026-27 fixture data captured),Post-Slam follow-through: US Open,INR 79 tournament pass at list; reminder at start; replay for late joiners,Covered: ATP Tour package (C),"Medium: published date, modelled time (A)",True,37.3
113,Hangzhou,250,2026-09-23,2026-09-29,ATP calendar end date (O),Night session,19:00 (modelled),Asia/Shanghai,2026-09-23,16:30,4/12,Early evening: live with start reminder,F1: Azerbaijan Grand Prix; Football not checked (no 2026-27 fixture data captured),Post-Slam follow-through: US Open,INR 79 tournament pass at list; reminder at start; replay for late joiners,Covered: ATP Tour package (C),"Low: inherited date, modelled time (A)",True,37.3
114,Dubai,500,2026-02-23,2026-03-01,Weekly event rule (A),Day session,14:00 (modelled),Asia/Dubai,2026-02-23,15:30,1/12,Early evening: live with start reminder,No overlap found,No trigger,INR 89 tournament pass at list; reminder at start; replay for late joiners,Covered: ATP Tour package (C),"Low: inherited date, modelled time (A)",False,36.3
115,Almaty,250,2026-10-19,2026-10-25,ATP calendar end date (O),Final,15:00 (modelled),Asia/Almaty,2026-10-25,15:30,1/12,Early evening: live with start reminder,Football not checked (no 2026-27 fixture data captured),Race to Turin,INR 79 tournament pass at list; reminder at start; replay for late joiners,Covered: ATP Tour package (C),"Medium: published date, modelled time (A)",True,34.8
116,Acapulco,500,2026-02-23,2026-03-01,Weekly event rule (A),Night session,19:00 (modelled),America/Mexico_City,2026-02-23,06:30,0/12,Overnight: replay only,No overlap found,No trigger,INR 39 replay where rights permit,Covered: ATP Tour package (C),"Medium: published date, modelled time (A)",False,33.0
117,Washington,500,2026-07-27,2026-08-02,Weekly event rule (A),Night session,19:00 (modelled),America/New_York,2026-07-27,04:30,0/12,Overnight: replay only,No overlap found,No trigger,INR 39 replay where rights permit,Covered: ATP Tour package (C),"Medium: published date, modelled time (A)",False,33.0
118,Washington,500,2026-07-27,2026-08-02,Weekly event rule (A),Final,15:00 (modelled),America/New_York,2026-08-02,00:30,0/12,Overnight: replay only,No overlap found,No trigger,INR 39 replay where rights permit,Covered: ATP Tour package (C),"Medium: published date, modelled time (A)",False,33.0
119,Doha,500,2026-02-16,2026-02-21,Official order of play (O),Final,21:00 (scheduled),Asia/Qatar,2026-02-21,23:30,2/12,Late: remind + replay,La Liga fixtures overlapping: 2,No trigger,Reminder; INR 39 replay default; 10% late discount only as a test arm,Covered: ATP Tour package (C),High: official order of play (O),False,32.2
120,Rio de Janeiro,500,2026-02-16,2026-02-22,Weekly event rule (A),Final,15:00 (modelled),America/Sao_Paulo,2026-02-22,23:30,2/12,Late: remind + replay,La Liga fixtures overlapping: 2,No trigger,Reminder; INR 39 replay default; 10% late discount only as a test arm,Covered: ATP Tour package (C),"Low: inherited date, modelled time (A)",False,32.2
121,Buenos Aires,250,2026-02-09,2026-02-15,Weekly event rule (A),Night session,19:00 (modelled),America/Argentina/Buenos_Aires,2026-02-09,03:30,0/12,Overnight: replay only,La Liga fixtures overlapping: 3,Post-Slam follow-through: Australian Open,INR 39 replay where rights permit,Covered: ATP Tour package (C),"Low: inherited date, modelled time (A)",False,31.5
122,Chengdu,250,2026-09-23,2026-09-29,ATP calendar end date (O),Day session,14:00 (modelled),Asia/Shanghai,2026-09-23,11:30,0/12,Daytime: highlights,Football not checked (no 2026-27 fixture data captured),Post-Slam follow-through: US Open,Highlights and next-occasion prompt; no live acquisition spend,Covered: ATP Tour package (C),"Medium: published date, modelled time (A)",True,31.5
123,Hangzhou,250,2026-09-23,2026-09-29,ATP calendar end date (O),Day session,14:00 (modelled),Asia/Shanghai,2026-09-23,11:30,0/12,Daytime: highlights,Football not checked (no 2026-27 fixture data captured),Post-Slam follow-through: US Open,Highlights and next-occasion prompt; no live acquisition spend,Covered: ATP Tour package (C),"Low: inherited date, modelled time (A)",True,31.5
124,Chengdu,250,2026-09-23,2026-09-29,ATP calendar end date (O),Final,15:00 (modelled),Asia/Shanghai,2026-09-29,12:30,0/12,Daytime: highlights,Football not checked (no 2026-27 fixture data captured),Post-Slam follow-through: US Open,Highlights and next-occasion prompt; no live acquisition spend,Covered: ATP Tour package (C),"Medium: published date, modelled time (A)",True,31.5
125,Hangzhou,250,2026-09-23,2026-09-29,ATP calendar end date (O),Final,15:00 (modelled),Asia/Shanghai,2026-09-29,12:30,0/12,Daytime: highlights,Football not checked (no 2026-27 fixture data captured),Post-Slam follow-through: US Open,Highlights and next-occasion prompt; no live acquisition spend,Covered: ATP Tour package (C),"Low: inherited date, modelled time (A)",True,31.5
126,Almaty,250,2026-10-19,2026-10-25,ATP calendar end date (O),Day session,14:00 (modelled),Asia/Almaty,2026-10-19,14:30,0/12,Daytime: highlights,Football not checked (no 2026-27 fixture data captured),Race to Turin,Highlights and next-occasion prompt; no live acquisition spend,Covered: ATP Tour package (C),"Medium: published date, modelled time (A)",True,31.5
127,Eastbourne,250,2026-06-22,2026-06-27,Weekly event rule (A),Night session,19:00 (modelled),Europe/London,2026-06-22,23:30,2/12,Late: remind + replay,No overlap found,No trigger,Reminder; INR 39 replay default; 10% late discount only as a test arm,Covered: ATP Tour package (C),"Medium: published date, modelled time (A)",False,30.7
128,Stockholm,250,2026-11-08,2026-11-14,ATP calendar end date (O),Night session,19:00 (modelled),Europe/Stockholm,2026-11-08,23:30,2/12,Late: remind + replay,F1: Brazilian Grand Prix; Football not checked (no 2026-27 fixture data captured),Race to Turin,Reminder; INR 39 replay default; 10% late discount only as a test arm,Covered: ATP Tour package (C),"Medium: published date, modelled time (A)",True,30.7
129,Indian Wells,Masters 1000,2026-03-04,2026-03-15,"Start + 11 days, 12-day Masters (A)",Night session,19:00 (modelled),America/Los_Angeles,2026-03-04,07:30,0/12,Daytime: highlights,F1: Australian Grand Prix,No trigger,Highlights and next-occasion prompt; no live acquisition spend,Covered: ATP Tour package (C),"Medium: published date, modelled time (A)",False,30.0
130,Hong Kong,250,2026-01-05,2026-01-11,Weekly event rule (A),Night session,19:00 (modelled),Asia/Hong_Kong,2026-01-05,16:30,4/12,Early evening: live with start reminder,La Liga fixtures overlapping: 1,No trigger,INR 79 tournament pass at list; reminder at start; replay for late joiners,Covered: ATP Tour package (C),"Medium: published date, modelled time (A)",False,29.8
131,Bucharest,250,2026-03-30,2026-04-05,Weekly event rule (A),Day session,14:00 (modelled),Europe/Bucharest,2026-03-30,16:30,4/12,Early evening: live with start reminder,La Liga fixtures overlapping: 1,No trigger,INR 79 tournament pass at list; reminder at start; replay for late joiners,Covered: ATP Tour package (C),"Medium: published date, modelled time (A)",False,29.8
132,Tokyo,500,2026-09-30,2026-10-06,ATP calendar end date (O),Night session,19:00 (modelled),Asia/Tokyo,2026-09-30,15:30,1/12,Early evening: live with start reminder,Football not checked (no 2026-27 fixture data captured),No trigger,INR 89 tournament pass at list; reminder at start; replay for late joiners,Covered: ATP Tour package (C),"Medium: published date, modelled time (A)",True,28.8
133,Rio de Janeiro,500,2026-02-16,2026-02-22,Weekly event rule (A),Night session,19:00 (modelled),America/Sao_Paulo,2026-02-16,03:30,0/12,Overnight: replay only,La Liga fixtures overlapping: 3,No trigger,INR 39 replay where rights permit,Covered: ATP Tour package (C),"Low: inherited date, modelled time (A)",False,25.5
134,Acapulco,500,2026-02-23,2026-03-01,Weekly event rule (A),Day session,14:00 (modelled),America/Mexico_City,2026-02-23,01:30,0/12,Overnight: replay only,La Liga fixtures overlapping: 3,No trigger,INR 39 replay where rights permit,Covered: ATP Tour package (C),"Medium: published date, modelled time (A)",False,25.5
135,Acapulco,500,2026-02-23,2026-03-01,Weekly event rule (A),Final,15:00 (modelled),America/Mexico_City,2026-03-01,02:30,0/12,Overnight: replay only,La Liga fixtures overlapping: 1,No trigger,INR 39 replay where rights permit,Covered: ATP Tour package (C),"Medium: published date, modelled time (A)",False,25.5
136,Tokyo,500,2026-09-30,2026-10-06,ATP calendar end date (O),Final,15:00 (modelled),Asia/Tokyo,2026-10-06,11:30,0/12,Daytime: highlights,Football not checked (no 2026-27 fixture data captured),No trigger,Highlights and next-occasion prompt; no live acquisition spend,Covered: ATP Tour package (C),"Medium: published date, modelled time (A)",True,25.5
137,Beijing,500,2026-09-30,2026-10-06,ATP calendar end date (O),Final,15:00 (modelled),Asia/Shanghai,2026-10-06,12:30,0/12,Daytime: highlights,Football not checked (no 2026-27 fixture data captured),No trigger,Highlights and next-occasion prompt; no live acquisition spend,Covered: ATP Tour package (C),"Low: inherited date, modelled time (A)",True,25.5
138,Brisbane,250,2026-01-04,2026-01-11,Weekly event rule (A),Day session,14:00 (modelled),Australia/Brisbane,2026-01-04,09:30,0/12,Daytime: highlights,No overlap found,No trigger,Highlights and next-occasion prompt; no live acquisition spend,Covered: ATP Tour package (C),"Medium: published date, modelled time (A)",False,24.0
139,Brisbane,250,2026-01-04,2026-01-11,Weekly event rule (A),Night session,19:00 (modelled),Australia/Brisbane,2026-01-04,14:30,0/12,Daytime: highlights,No overlap found,No trigger,Highlights and next-occasion prompt; no live acquisition spend,Covered: ATP Tour package (C),"Medium: published date, modelled time (A)",False,24.0
140,Hong Kong,250,2026-01-05,2026-01-11,Weekly event rule (A),Day session,14:00 (modelled),Asia/Hong_Kong,2026-01-05,11:30,0/12,Daytime: highlights,No overlap found,No trigger,Highlights and next-occasion prompt; no live acquisition spend,Covered: ATP Tour package (C),"Medium: published date, modelled time (A)",False,24.0
141,Brisbane,250,2026-01-04,2026-01-11,Official order of play (O),Final,18:30 (not before),Australia/Brisbane,2026-01-11,14:00,0/12,Daytime: highlights,No overlap found,No trigger,Highlights and next-occasion prompt; no live acquisition spend,Covered: ATP Tour package (C),High: official order of play (O),False,24.0
142,Hong Kong,250,2026-01-05,2026-01-11,Official order of play (O),Final,15:30 (scheduled),Asia/Hong_Kong,2026-01-11,13:00,0/12,Daytime: highlights,No overlap found,No trigger,Highlights and next-occasion prompt; no live acquisition spend,Covered: ATP Tour package (C),High: official order of play (O),False,24.0
143,Adelaide,250,2026-01-12,2026-01-17,Weekly event rule (A),Day session,14:00 (modelled),Australia/Adelaide,2026-01-12,09:00,0/12,Daytime: highlights,No overlap found,No trigger,Highlights and next-occasion prompt; no live acquisition spend,Covered: ATP Tour package (C),"Medium: published date, modelled time (A)",False,24.0
144,Adelaide,250,2026-01-12,2026-01-17,Weekly event rule (A),Night session,19:00 (modelled),Australia/Adelaide,2026-01-12,14:00,0/12,Daytime: highlights,No overlap found,No trigger,Highlights and next-occasion prompt; no live acquisition spend,Covered: ATP Tour package (C),"Medium: published date, modelled time (A)",False,24.0
145,Auckland,250,2026-01-12,2026-01-17,Weekly event rule (A),Day session,14:00 (modelled),Pacific/Auckland,2026-01-12,06:30,0/12,Overnight: replay only,No overlap found,No trigger,INR 39 replay where rights permit,Covered: ATP Tour package (C),"Low: inherited date, modelled time (A)",False,24.0
146,Auckland,250,2026-01-12,2026-01-17,Weekly event rule (A),Night session,19:00 (modelled),Pacific/Auckland,2026-01-12,11:30,0/12,Daytime: highlights,No overlap found,No trigger,Highlights and next-occasion prompt; no live acquisition spend,Covered: ATP Tour package (C),"Low: inherited date, modelled time (A)",False,24.0
147,Adelaide,250,2026-01-12,2026-01-17,Weekly event rule (A),Final,15:00 (modelled),Australia/Adelaide,2026-01-17,10:00,0/12,Daytime: highlights,No overlap found,No trigger,Highlights and next-occasion prompt; no live acquisition spend,Covered: ATP Tour package (C),"Medium: published date, modelled time (A)",False,24.0
148,Auckland,250,2026-01-12,2026-01-17,Weekly event rule (A),Final,15:00 (modelled),Pacific/Auckland,2026-01-17,07:30,0/12,Daytime: highlights,No overlap found,No trigger,Highlights and next-occasion prompt; no live acquisition spend,Covered: ATP Tour package (C),"Low: inherited date, modelled time (A)",False,24.0
149,Delray Beach,250,2026-02-16,2026-02-22,Weekly event rule (A),Night session,19:00 (modelled),America/New_York,2026-02-16,05:30,0/12,Overnight: replay only,No overlap found,No trigger,INR 39 replay where rights permit,Covered: ATP Tour package (C),"Low: inherited date, modelled time (A)",False,24.0
150,Houston,250,2026-03-30,2026-04-05,Weekly event rule (A),Night session,19:00 (modelled),America/Chicago,2026-03-30,05:30,0/12,Overnight: replay only,No overlap found,No trigger,INR 39 replay where rights permit,Covered: ATP Tour package (C),"Low: inherited date, modelled time (A)",False,24.0
151,Los Cabos,250,2026-07-27,2026-08-02,Weekly event rule (A),Day session,14:00 (modelled),America/Mazatlan,2026-07-27,02:30,0/12,Overnight: replay only,No overlap found,No trigger,INR 39 replay where rights permit,Covered: ATP Tour package (C),"Low: inherited date, modelled time (A)",False,24.0
152,Los Cabos,250,2026-07-27,2026-08-02,Weekly event rule (A),Night session,19:00 (modelled),America/Mazatlan,2026-07-27,07:30,0/12,Daytime: highlights,No overlap found,No trigger,Highlights and next-occasion prompt; no live acquisition spend,Covered: ATP Tour package (C),"Low: inherited date, modelled time (A)",False,24.0
153,Los Cabos,250,2026-07-27,2026-08-02,Weekly event rule (A),Final,15:00 (modelled),America/Mazatlan,2026-08-02,03:30,0/12,Overnight: replay only,No overlap found,No trigger,INR 39 replay where rights permit,Covered: ATP Tour package (C),"Low: inherited date, modelled time (A)",False,24.0
154,Winston-Salem,250,2026-08-23,2026-08-29,Weekly event rule (A),Night session,19:00 (modelled),America/New_York,2026-08-23,04:30,0/12,Overnight: replay only,No overlap found,No trigger,INR 39 replay where rights permit,Covered: ATP Tour package (C),"Medium: published date, modelled time (A)",False,24.0
155,Santiago,250,2026-02-23,2026-03-01,Weekly event rule (A),Final,15:00 (modelled),America/Santiago,2026-03-01,23:30,2/12,Late: remind + replay,La Liga fixtures overlapping: 2,No trigger,Reminder; INR 39 replay default; 10% late discount only as a test arm,Covered: ATP Tour package (C),"Low: inherited date, modelled time (A)",False,23.2
156,Marrakech,250,2026-03-30,2026-04-05,Weekly event rule (A),Night session,19:00 (modelled),Africa/Casablanca,2026-03-30,23:30,2/12,Late: remind + replay,La Liga fixtures overlapping: 3,No trigger,Reminder; INR 39 replay default; 10% late discount only as a test arm,Covered: ATP Tour package (C),"Low: inherited date, modelled time (A)",False,23.2
157,Winston-Salem,250,2026-08-23,2026-08-29,Weekly event rule (A),Day session,14:00 (modelled),America/New_York,2026-08-23,23:30,2/12,Late: remind + replay,La Liga fixtures overlapping: 10,No trigger,Reminder; INR 39 replay default; 10% late discount only as a test arm,Covered: ATP Tour package (C),"Medium: published date, modelled time (A)",False,23.2
158,Tokyo,500,2026-09-30,2026-10-06,ATP calendar end date (O),Day session,14:00 (modelled),Asia/Tokyo,2026-09-30,10:30,0/12,Daytime: highlights,F1: Bahrain Grand Prix in Malaysia; Football not checked (no 2026-27 fixture data captured),No trigger,Highlights and next-occasion prompt; no live acquisition spend,Covered: ATP Tour package (C),"Medium: published date, modelled time (A)",True,18.0
159,Beijing,500,2026-09-30,2026-10-06,ATP calendar end date (O),Day session,14:00 (modelled),Asia/Shanghai,2026-09-30,11:30,0/12,Daytime: highlights,F1: Bahrain Grand Prix in Malaysia; Football not checked (no 2026-27 fixture data captured),No trigger,Highlights and next-occasion prompt; no live acquisition spend,Covered: ATP Tour package (C),"Low: inherited date, modelled time (A)",True,18.0
160,Delray Beach,250,2026-02-16,2026-02-22,Weekly event rule (A),Day session,14:00 (modelled),America/New_York,2026-02-16,00:30,0/12,Overnight: replay only,La Liga fixtures overlapping: 5,No trigger,INR 39 replay where rights permit,Covered: ATP Tour package (C),"Low: inherited date, modelled time (A)",False,16.5
161,Delray Beach,250,2026-02-16,2026-02-22,Weekly event rule (A),Final,15:00 (modelled),America/New_York,2026-02-22,01:30,0/12,Overnight: replay only,La Liga fixtures overlapping: 1,No trigger,INR 39 replay where rights permit,Covered: ATP Tour package (C),"Low: inherited date, modelled time (A)",False,16.5
162,Santiago,250,2026-02-23,2026-03-01,Weekly event rule (A),Night session,19:00 (modelled),America/Santiago,2026-02-23,03:30,0/12,Overnight: replay only,La Liga fixtures overlapping: 3,No trigger,INR 39 replay where rights permit,Covered: ATP Tour package (C),"Low: inherited date, modelled time (A)",False,16.5
163,Houston,250,2026-03-30,2026-04-05,Weekly event rule (A),Day session,14:00 (modelled),America/Chicago,2026-03-30,00:30,0/12,Overnight: replay only,La Liga fixtures overlapping: 2,No trigger,INR 39 replay where rights permit,Covered: ATP Tour package (C),"Low: inherited date, modelled time (A)",False,16.5
164,Houston,250,2026-03-30,2026-04-05,Weekly event rule (A),Final,15:00 (modelled),America/Chicago,2026-04-05,01:30,0/12,Overnight: replay only,La Liga fixtures overlapping: 1,No trigger,INR 39 replay where rights permit,Covered: ATP Tour package (C),"Low: inherited date, modelled time (A)",False,16.5
165,Winston-Salem,250,2026-08-23,2026-08-29,Official order of play (O),Final,16:00 (not before),America/New_York,2026-08-29,01:30,0/12,Overnight: replay only,La Liga fixtures overlapping: 1,No trigger,INR 39 replay where rights permit,Covered: ATP Tour package (C),High: official order of play (O),False,16.5
