session_id,event,event_code,type,date_literal,status,source_id,utc_usable
09b8ea49-a870-470e-91a1-3fc0a82f7c6a,GRAND PRIX OF THAILAND,THA,FP,2026-02-27T10:45:00+00:00,FINISHED,v4_motogp_sessions_tha,False
c1952164-7ff7-4e18-9406-0f7933ec891b,GRAND PRIX OF THAILAND,THA,PR,2026-02-27T15:00:00+00:00,FINISHED,v4_motogp_sessions_tha,False
26b3bed0-b810-4bc6-acd3-d326d86b299e,GRAND PRIX OF THAILAND,THA,FP,2026-02-28T10:10:00+00:00,FINISHED,v4_motogp_sessions_tha,False
b74018f0-bb19-449d-81ae-f0125505029f,GRAND PRIX OF THAILAND,THA,Q,2026-02-28T10:50:00+00:00,FINISHED,v4_motogp_sessions_tha,False
a78879a7-e82e-4feb-89ba-1c2291e0ce9d,GRAND PRIX OF THAILAND,THA,Q,2026-02-28T11:15:00+00:00,FINISHED,v4_motogp_sessions_tha,False
d3e62405-3f19-40db-99f7-a8c943032512,GRAND PRIX OF THAILAND,THA,SPR,2026-02-28T15:00:00+00:00,FINISHED,v4_motogp_sessions_tha,False
5696b2ee-41fc-4382-9c00-f8b19bdbd1f4,GRAND PRIX OF THAILAND,THA,WUP,2026-03-01T10:40:00+00:00,FINISHED,v4_motogp_sessions_tha,False
656efa33-5c39-4d93-b8ef-8b669fdbec05,GRAND PRIX OF THAILAND,THA,RAC,2026-03-01T15:00:00+00:00,FINISHED,v4_motogp_sessions_tha,False
64d570a8-7ee3-45d3-a4d6-af4b8a24c2dd,GRAND PRIX OF BRAZIL,BRA,FP,2026-03-20T12:05:00+00:00,FINISHED,v4_motogp_sessions_bra,False
b7d6bc4e-beb9-4dad-867e-761e8a7de364,GRAND PRIX OF BRAZIL,BRA,PR,2026-03-20T16:00:00+00:00,FINISHED,v4_motogp_sessions_bra,False
7e60db05-efee-4747-a40f-6bd957363764,GRAND PRIX OF BRAZIL,BRA,FP,2026-03-21T10:10:00+00:00,FINISHED,v4_motogp_sessions_bra,False
70d71f0a-6099-4168-b601-3d37456cd6f5,GRAND PRIX OF BRAZIL,BRA,Q,2026-03-21T10:50:00+00:00,FINISHED,v4_motogp_sessions_bra,False
8dc7221c-aa72-460a-a194-4308541e5040,GRAND PRIX OF BRAZIL,BRA,Q,2026-03-21T11:15:00+00:00,FINISHED,v4_motogp_sessions_bra,False
15a6238d-5d02-4e90-9215-7d5c01d102e3,GRAND PRIX OF BRAZIL,BRA,SPR,2026-03-21T16:20:00+00:00,FINISHED,v4_motogp_sessions_bra,False
d66cd597-e454-486e-a365-8bcb14bad026,GRAND PRIX OF BRAZIL,BRA,WUP,2026-03-22T10:40:00+00:00,FINISHED,v4_motogp_sessions_bra,False
59d15875-e818-47a4-996b-f15506292542,GRAND PRIX OF BRAZIL,BRA,RAC,2026-03-22T15:00:00+00:00,FINISHED,v4_motogp_sessions_bra,False
78f2871f-f51c-4b84-84c7-94c573ba8a22,GRAND PRIX OF THE UNITED STATES,USA,FP,2026-03-27T10:45:00+00:00,FINISHED,v4_motogp_sessions_usa,False
cc778798-dbfd-49bb-bfce-4fba66964b19,GRAND PRIX OF THE UNITED STATES,USA,PR,2026-03-27T15:00:00+00:00,FINISHED,v4_motogp_sessions_usa,False
728d4599-b5a3-4460-88f9-f705e5d66c0f,GRAND PRIX OF THE UNITED STATES,USA,FP,2026-03-28T10:10:00+00:00,FINISHED,v4_motogp_sessions_usa,False
c939e00d-855c-47fa-8f3d-e09f58193a91,GRAND PRIX OF THE UNITED STATES,USA,Q,2026-03-28T10:50:00+00:00,FINISHED,v4_motogp_sessions_usa,False
675248fa-a0b9-436f-80b2-946ca6095a30,GRAND PRIX OF THE UNITED STATES,USA,Q,2026-03-28T11:15:00+00:00,FINISHED,v4_motogp_sessions_usa,False
b2d5037b-94dd-4cd4-82c4-fa5479d885fb,GRAND PRIX OF THE UNITED STATES,USA,SPR,2026-03-28T15:10:00+00:00,FINISHED,v4_motogp_sessions_usa,False
7d278753-6e8e-4508-a731-5bb4900146dc,GRAND PRIX OF THE UNITED STATES,USA,WUP,2026-03-29T10:40:00+00:00,FINISHED,v4_motogp_sessions_usa,False
19db930a-1a51-4dee-9811-2a5e58e36658,GRAND PRIX OF THE UNITED STATES,USA,RAC,2026-03-29T15:00:00+00:00,FINISHED,v4_motogp_sessions_usa,False
b5983eff-b2ab-4ea4-a314-bd4503439074,GRAND PRIX OF SPAIN,SPA,FP,2026-04-24T10:45:00+00:00,FINISHED,v4_motogp_sessions_spa,False
d36cf98a-4a3a-4708-8652-df08f3a01e20,GRAND PRIX OF SPAIN,SPA,PR,2026-04-24T15:00:00+00:00,FINISHED,v4_motogp_sessions_spa,False
f6474517-ddc1-48bd-8797-a52bee2859fe,GRAND PRIX OF SPAIN,SPA,FP,2026-04-25T10:10:00+00:00,FINISHED,v4_motogp_sessions_spa,False
ed02a825-4c79-4b47-90f5-4b2f49059905,GRAND PRIX OF SPAIN,SPA,Q,2026-04-25T10:50:00+00:00,FINISHED,v4_motogp_sessions_spa,False
50355caf-fd89-423c-97ae-8f665e81f8f0,GRAND PRIX OF SPAIN,SPA,Q,2026-04-25T11:20:00+00:00,FINISHED,v4_motogp_sessions_spa,False
242b0f12-5b7f-40e2-b1e5-6505a71077d7,GRAND PRIX OF SPAIN,SPA,SPR,2026-04-25T15:00:00+00:00,FINISHED,v4_motogp_sessions_spa,False
ee5179e3-708f-4192-8b77-4c06d7256a2e,GRAND PRIX OF SPAIN,SPA,WUP,2026-04-26T09:40:00+00:00,FINISHED,v4_motogp_sessions_spa,False
9267e6f1-75da-4e4f-93a3-e67d629744b2,GRAND PRIX OF SPAIN,SPA,RAC,2026-04-26T14:00:00+00:00,FINISHED,v4_motogp_sessions_spa,False
fd9e488b-e315-4141-970d-ef4b101787c8,GRAND PRIX DE FRANCE,FRA,FP,2026-05-08T10:45:00+00:00,FINISHED,v4_motogp_sessions_fra,False
d082db66-2638-4609-a766-19d67fd11d04,GRAND PRIX DE FRANCE,FRA,PR,2026-05-08T15:00:00+00:00,FINISHED,v4_motogp_sessions_fra,False
72cd9610-f239-4f2a-8629-4f37f51c8c12,GRAND PRIX DE FRANCE,FRA,FP,2026-05-09T10:10:00+00:00,FINISHED,v4_motogp_sessions_fra,False
cc388e63-ece7-43b4-a1e3-087d148e5539,GRAND PRIX DE FRANCE,FRA,Q,2026-05-09T10:50:00+00:00,FINISHED,v4_motogp_sessions_fra,False
3d0bd460-3357-417c-9605-adb499ef589d,GRAND PRIX DE FRANCE,FRA,Q,2026-05-09T11:15:00+00:00,FINISHED,v4_motogp_sessions_fra,False
6df94460-c58d-4fb1-8289-b12475fe8ec9,GRAND PRIX DE FRANCE,FRA,SPR,2026-05-09T15:00:00+00:00,FINISHED,v4_motogp_sessions_fra,False
47842163-0f98-4946-870b-7480565a17a9,GRAND PRIX DE FRANCE,FRA,WUP,2026-05-10T09:40:00+00:00,FINISHED,v4_motogp_sessions_fra,False
96ba2bb1-dbd2-4d98-9f94-a9eafdde7057,GRAND PRIX DE FRANCE,FRA,RAC,2026-05-10T14:00:00+00:00,FINISHED,v4_motogp_sessions_fra,False
0500ccc6-1013-4755-b062-a474c6b3768b,GRAND PRIX OF CATALONIA,CAT,FP,2026-05-15T10:45:00+00:00,FINISHED,v4_motogp_sessions_cat,False
ab583624-0658-447f-85bf-1329409c32a5,GRAND PRIX OF CATALONIA,CAT,PR,2026-05-15T15:00:00+00:00,FINISHED,v4_motogp_sessions_cat,False
c5022a18-63f6-4edf-98a1-9ef6990621e1,GRAND PRIX OF CATALONIA,CAT,FP,2026-05-16T10:10:00+00:00,FINISHED,v4_motogp_sessions_cat,False
f191cefe-5d3e-4515-93cc-8976e8a6b461,GRAND PRIX OF CATALONIA,CAT,Q,2026-05-16T10:50:00+00:00,FINISHED,v4_motogp_sessions_cat,False
fd686261-4f0a-41cb-a818-c18316386271,GRAND PRIX OF CATALONIA,CAT,Q,2026-05-16T11:15:00+00:00,FINISHED,v4_motogp_sessions_cat,False
59cccd31-84c8-4935-8599-50d4b63f6d58,GRAND PRIX OF CATALONIA,CAT,SPR,2026-05-16T15:00:00+00:00,FINISHED,v4_motogp_sessions_cat,False
c08414ab-9f00-44a5-adfd-8e20de549775,GRAND PRIX OF CATALONIA,CAT,WUP,2026-05-17T09:40:00+00:00,FINISHED,v4_motogp_sessions_cat,False
58452c1f-d739-49a3-aa71-046010b64ff1,GRAND PRIX OF CATALONIA,CAT,RAC,2026-05-17T14:00:00+00:00,FINISHED,v4_motogp_sessions_cat,False
96d63c76-6917-40e9-9fb7-2261d9d96d57,GRAND PRIX OF CATALONIA,CAT,RAC,2026-05-17T15:17:00+00:00,FINISHED,v4_motogp_sessions_cat,False
5c4c7d30-6a54-4505-bec3-ab964e68656e,GRAND PRIX OF ITALY,ITA,FP,2026-05-29T10:45:00+00:00,FINISHED,v4_motogp_sessions_ita,False
96084367-ec2f-4ba2-8b9b-17e2a8faa6b4,GRAND PRIX OF ITALY,ITA,PR,2026-05-29T15:00:00+00:00,FINISHED,v4_motogp_sessions_ita,False
6c2e3040-b509-428a-a117-a89ebf386bbc,GRAND PRIX OF ITALY,ITA,FP,2026-05-30T10:10:00+00:00,FINISHED,v4_motogp_sessions_ita,False
efc97228-8010-4994-86ab-fbaf6f12f59e,GRAND PRIX OF ITALY,ITA,Q,2026-05-30T10:50:00+00:00,FINISHED,v4_motogp_sessions_ita,False
ffd57984-b324-4f1f-9a4a-47a2436a95ca,GRAND PRIX OF ITALY,ITA,Q,2026-05-30T11:15:00+00:00,FINISHED,v4_motogp_sessions_ita,False
f5a4f9cd-f768-4c50-9f30-644129b0a2b9,GRAND PRIX OF ITALY,ITA,SPR,2026-05-30T15:00:00+00:00,FINISHED,v4_motogp_sessions_ita,False
5608b4b0-d118-4a05-a95a-7902ab748e86,GRAND PRIX OF ITALY,ITA,WUP,2026-05-31T09:40:00+00:00,FINISHED,v4_motogp_sessions_ita,False
a3d72de3-e81c-478a-9669-59727f722e4b,GRAND PRIX OF ITALY,ITA,RAC,2026-05-31T14:00:00+00:00,FINISHED,v4_motogp_sessions_ita,False
ded05308-6d8a-4ff8-a55c-f68a3818bda3,GRAND PRIX OF HUNGARY,HUN,FP,2026-06-05T10:45:00+00:00,FINISHED,v4_motogp_sessions_hun,False
32c8df78-fb2b-49f2-afd3-777d79d70d23,GRAND PRIX OF HUNGARY,HUN,PR,2026-06-05T15:00:00+00:00,FINISHED,v4_motogp_sessions_hun,False
639ee39c-1f56-4e12-85da-4c8b752f6717,GRAND PRIX OF HUNGARY,HUN,FP,2026-06-06T10:10:00+00:00,FINISHED,v4_motogp_sessions_hun,False
2a579326-4c22-4332-a48a-6f23108dadb9,GRAND PRIX OF HUNGARY,HUN,Q,2026-06-06T10:50:00+00:00,FINISHED,v4_motogp_sessions_hun,False
0a89a994-c59b-4d6b-aeda-c8a3990e84bf,GRAND PRIX OF HUNGARY,HUN,Q,2026-06-06T11:15:00+00:00,FINISHED,v4_motogp_sessions_hun,False
4f6ba26d-0a31-4cd0-b03a-40c15f38036b,GRAND PRIX OF HUNGARY,HUN,SPR,2026-06-06T15:00:00+00:00,FINISHED,v4_motogp_sessions_hun,False
3de97993-250b-4ad5-9f51-0cebd43e6c81,GRAND PRIX OF HUNGARY,HUN,WUP,2026-06-07T09:40:00+00:00,FINISHED,v4_motogp_sessions_hun,False
ab1f4691-ca70-48b6-bcdd-8b513651ad9f,GRAND PRIX OF HUNGARY,HUN,RAC,2026-06-07T14:00:00+00:00,FINISHED,v4_motogp_sessions_hun,False
da581592-ce22-4ffd-b23c-f6f273ebb9e7,GRAND PRIX OF CZECHIA,CZE,FP,2026-06-19T10:45:00+00:00,FINISHED,v4_motogp_sessions_cze,False
a8c6488f-8b53-4e6d-ad53-32c360474311,GRAND PRIX OF CZECHIA,CZE,PR,2026-06-19T15:00:00+00:00,FINISHED,v4_motogp_sessions_cze,False
983e9dd3-14b4-4161-9fd1-206ab9247b6d,GRAND PRIX OF CZECHIA,CZE,FP,2026-06-20T10:10:00+00:00,FINISHED,v4_motogp_sessions_cze,False
cc65ea7a-dc8f-4d58-a703-0b5fd6d9736e,GRAND PRIX OF CZECHIA,CZE,Q,2026-06-20T10:50:00+00:00,FINISHED,v4_motogp_sessions_cze,False
30a615fe-e273-49fa-af95-257954c35d5d,GRAND PRIX OF CZECHIA,CZE,Q,2026-06-20T11:15:00+00:00,FINISHED,v4_motogp_sessions_cze,False
bad8aad9-03cc-4789-bac1-c1f092215980,GRAND PRIX OF CZECHIA,CZE,SPR,2026-06-20T15:00:00+00:00,FINISHED,v4_motogp_sessions_cze,False
b40b809c-55ab-4db5-abba-820532ca54b4,GRAND PRIX OF CZECHIA,CZE,WUP,2026-06-21T09:40:00+00:00,FINISHED,v4_motogp_sessions_cze,False
32a50043-07c4-48cb-94f5-cf02afa57ca9,GRAND PRIX OF CZECHIA,CZE,RAC,2026-06-21T14:00:00+00:00,FINISHED,v4_motogp_sessions_cze,False
0bfcd278-993c-4c94-bdb7-da61b4a2c956,GRAND PRIX OF THE NETHERLANDS,NED,FP,2026-06-26T10:45:00+00:00,FINISHED,v4_motogp_sessions_ned,False
41f309d4-5b94-4a32-b32b-6468c1103e9d,GRAND PRIX OF THE NETHERLANDS,NED,PR,2026-06-26T15:00:00+00:00,FINISHED,v4_motogp_sessions_ned,False
cbc23217-d6c8-4294-8885-8b3f5d0e2f31,GRAND PRIX OF THE NETHERLANDS,NED,FP,2026-06-27T10:10:00+00:00,FINISHED,v4_motogp_sessions_ned,False
54dee180-65d1-498b-8671-32f2ce37a240,GRAND PRIX OF THE NETHERLANDS,NED,Q,2026-06-27T10:50:00+00:00,FINISHED,v4_motogp_sessions_ned,False
e726da30-a914-4eef-875b-e94283806af8,GRAND PRIX OF THE NETHERLANDS,NED,Q,2026-06-27T11:15:00+00:00,FINISHED,v4_motogp_sessions_ned,False
61afb8ec-a541-4462-88d7-bd27d1434e62,GRAND PRIX OF THE NETHERLANDS,NED,SPR,2026-06-27T15:00:00+00:00,FINISHED,v4_motogp_sessions_ned,False
94fbc3ee-b019-464f-a647-9a5074243682,GRAND PRIX OF THE NETHERLANDS,NED,WUP,2026-06-28T09:40:00+00:00,FINISHED,v4_motogp_sessions_ned,False
795e11c0-a313-4735-9c54-df93d06624b2,GRAND PRIX OF THE NETHERLANDS,NED,RAC,2026-06-28T14:00:00+00:00,FINISHED,v4_motogp_sessions_ned,False
94e72067-28e9-48f9-8234-c1817dc50572,GRAND PRIX OF GERMANY,GER,FP,2026-07-10T10:45:00+00:00,FINISHED,v4_motogp_sessions_ger,False
b678abc2-075e-4bf4-a768-dab253f81173,GRAND PRIX OF GERMANY,GER,PR,2026-07-10T15:00:00+00:00,FINISHED,v4_motogp_sessions_ger,False
096763cd-2d94-4e48-b8d9-6e490726208e,GRAND PRIX OF GERMANY,GER,FP,2026-07-11T10:10:00+00:00,FINISHED,v4_motogp_sessions_ger,False
b87fbe16-7ac0-43be-9e55-7fbb4055daa6,GRAND PRIX OF GERMANY,GER,Q,2026-07-11T10:50:00+00:00,FINISHED,v4_motogp_sessions_ger,False
089c7e25-1904-4097-83e3-8871a4964879,GRAND PRIX OF GERMANY,GER,Q,2026-07-11T11:15:00+00:00,FINISHED,v4_motogp_sessions_ger,False
f6ffc623-4b75-4602-b2fb-7573fb68fe57,GRAND PRIX OF GERMANY,GER,SPR,2026-07-11T15:00:00+00:00,FINISHED,v4_motogp_sessions_ger,False
3d6da56e-b514-4b9d-bed1-307033fa0aa8,GRAND PRIX OF GERMANY,GER,WUP,2026-07-12T09:40:00+00:00,FINISHED,v4_motogp_sessions_ger,False
5ecc9282-1135-4611-aa64-fe4ecc512cfd,GRAND PRIX OF GERMANY,GER,RAC,2026-07-12T14:00:00+00:00,FINISHED,v4_motogp_sessions_ger,False
8f388628-895d-4d83-aaef-d2e52c07619c,GRAND PRIX OF GREAT BRITAIN,GBR,FP,2026-08-07T11:45:00+00:00,FINISHED,v4_motogp_sessions_gbr,False
57a2a02b-86ae-4659-bab6-f2b1d62f86b5,GRAND PRIX OF GREAT BRITAIN,GBR,PR,2026-08-07T16:00:00+00:00,FINISHED,v4_motogp_sessions_gbr,False
6a04dc2b-2f71-4eb3-bd80-dcea7488bcb7,GRAND PRIX OF GREAT BRITAIN,GBR,FP,2026-08-08T11:10:00+00:00,FINISHED,v4_motogp_sessions_gbr,False
96b8294f-0729-4b69-8482-9dada4c08c01,GRAND PRIX OF GREAT BRITAIN,GBR,Q,2026-08-08T11:50:00+00:00,FINISHED,v4_motogp_sessions_gbr,False
853f9957-5c82-4a84-9648-cc36087bf2f5,GRAND PRIX OF GREAT BRITAIN,GBR,Q,2026-08-08T12:15:00+00:00,FINISHED,v4_motogp_sessions_gbr,False
65e6b54e-bd17-4a09-ac8d-848c2be654db,GRAND PRIX OF GREAT BRITAIN,GBR,SPR,2026-08-08T16:05:00+00:00,FINISHED,v4_motogp_sessions_gbr,False
05935f9b-ae26-4a57-9c16-4d0aecd0c7b6,GRAND PRIX OF GREAT BRITAIN,GBR,WUP,2026-08-09T09:40:00+00:00,FINISHED,v4_motogp_sessions_gbr,False
cdee8aec-30af-403a-86fd-64316afc60b5,GRAND PRIX OF GREAT BRITAIN,GBR,RAC,2026-08-09T13:00:00+00:00,FINISHED,v4_motogp_sessions_gbr,False
aaa72f6b-6bae-4f50-b692-8eb2e732f68a,GRAND PRIX OF ARAGON,ARA,FP,2026-08-28T10:45:00+00:00,FINISHED,v4_motogp_sessions_ara,False
fd00ecb7-c4f8-4799-a4e3-ca2795cb2abd,GRAND PRIX OF ARAGON,ARA,PR,2026-08-28T15:00:00+00:00,FINISHED,v4_motogp_sessions_ara,False
27274032-f624-45c9-9676-2d3a5a678ce1,GRAND PRIX OF ARAGON,ARA,FP,2026-08-29T10:10:00+00:00,FINISHED,v4_motogp_sessions_ara,False
4ae190b5-fc31-4a44-bdaf-fd6d87ef3fac,GRAND PRIX OF ARAGON,ARA,Q,2026-08-29T10:50:00+00:00,FINISHED,v4_motogp_sessions_ara,False
e5bee906-7522-4aa3-ae75-a083e34ea9b7,GRAND PRIX OF ARAGON,ARA,Q,2026-08-29T11:15:00+00:00,FINISHED,v4_motogp_sessions_ara,False
80456df3-d5fb-4184-9ca7-6292f97f2e99,GRAND PRIX OF ARAGON,ARA,SPR,2026-08-29T15:00:00+00:00,FINISHED,v4_motogp_sessions_ara,False
095543da-7756-435a-9cf9-fab11715e18d,GRAND PRIX OF ARAGON,ARA,WUP,2026-08-30T09:40:00+00:00,FINISHED,v4_motogp_sessions_ara,False
0c6f6ec2-1f96-4b95-b634-54d01a5bf1d2,GRAND PRIX OF ARAGON,ARA,RAC,2026-08-30T14:00:00+00:00,FINISHED,v4_motogp_sessions_ara,False
41026d4b-8d60-4133-bea8-99ecf10854b9,GRAND PRIX OF SAN MARINO,RSM,FP,2026-09-11T10:45:00+00:00,FINISHED,v4_motogp_sessions_rsm,False
ec3b45f4-d22b-4cea-9fc6-4f1e6d72914b,GRAND PRIX OF SAN MARINO,RSM,PR,2026-09-11T15:00:00+00:00,FINISHED,v4_motogp_sessions_rsm,False
bee39340-2ac4-4676-8b0c-db5ddfbe2e01,GRAND PRIX OF SAN MARINO,RSM,FP,2026-09-12T10:10:00+00:00,FINISHED,v4_motogp_sessions_rsm,False
e554084d-3598-4a30-bd4e-00f4250724ec,GRAND PRIX OF SAN MARINO,RSM,Q,2026-09-12T10:50:00+00:00,FINISHED,v4_motogp_sessions_rsm,False
ee6ba0bb-1752-4d5f-81cf-6582c8573378,GRAND PRIX OF SAN MARINO,RSM,Q,2026-09-12T11:15:00+00:00,FINISHED,v4_motogp_sessions_rsm,False
1b8850b9-53fc-4ff2-b5f7-2935eb53dad1,GRAND PRIX OF SAN MARINO,RSM,SPR,2026-09-12T15:00:00+00:00,FINISHED,v4_motogp_sessions_rsm,False
68cdd505-800b-461c-bef7-bbbe3082e67e,GRAND PRIX OF SAN MARINO,RSM,WUP,2026-09-13T09:40:00+00:00,FINISHED,v4_motogp_sessions_rsm,False
ed730383-6989-4868-9e16-db8d0d9d4cbf,GRAND PRIX OF SAN MARINO,RSM,RAC,2026-09-13T14:00:00+00:00,FINISHED,v4_motogp_sessions_rsm,False
ac5f5765-c0a9-44c3-9a5b-6f9baced574d,GRAND PRIX OF AUSTRIA,AUT,FP,2026-09-18T10:45:00+00:00,NOT-STARTED,v4_motogp_sessions_aut,False
4a95fbbe-3ba2-4e5a-8be8-50f9cfbd424e,GRAND PRIX OF AUSTRIA,AUT,PR,2026-09-18T15:00:00+00:00,NOT-STARTED,v4_motogp_sessions_aut,False
43eb898d-01f4-4d36-90ed-fa6e54ac16ab,GRAND PRIX OF AUSTRIA,AUT,FP,2026-09-19T10:10:00+00:00,NOT-STARTED,v4_motogp_sessions_aut,False
150b2768-e068-4ccd-89a4-33625ece3f7a,GRAND PRIX OF AUSTRIA,AUT,Q,2026-09-19T10:50:00+00:00,NOT-STARTED,v4_motogp_sessions_aut,False
df25e534-ee1f-459d-82c2-6ef2581a9a4a,GRAND PRIX OF AUSTRIA,AUT,Q,2026-09-19T11:15:00+00:00,NOT-STARTED,v4_motogp_sessions_aut,False
7c10aec1-5dec-49ce-8a93-1f0d2e03dc22,GRAND PRIX OF AUSTRIA,AUT,SPR,2026-09-19T15:00:00+00:00,NOT-STARTED,v4_motogp_sessions_aut,False
164e7f69-0e92-4395-bf98-0a161759f348,GRAND PRIX OF AUSTRIA,AUT,WUP,2026-09-20T09:40:00+00:00,NOT-STARTED,v4_motogp_sessions_aut,False
4d2ef1ce-9282-4dbb-87e3-debea643d911,GRAND PRIX OF AUSTRIA,AUT,RAC,2026-09-20T14:00:00+00:00,NOT-STARTED,v4_motogp_sessions_aut,False
71020387-77b3-4adb-996a-a55c54dccf02,GRAND PRIX OF JAPAN,JPN,FP,2026-10-02T10:45:00+00:00,NOT-STARTED,v4_motogp_sessions_jpn,False
04c646f9-c202-439a-964f-b2ab453292b7,GRAND PRIX OF JAPAN,JPN,PR,2026-10-02T15:00:00+00:00,NOT-STARTED,v4_motogp_sessions_jpn,False
be9079c6-352a-4b07-ab01-611bfa6fdc1d,GRAND PRIX OF JAPAN,JPN,FP,2026-10-03T10:10:00+00:00,NOT-STARTED,v4_motogp_sessions_jpn,False
491bd1e5-70f4-4598-af96-c361231c3f76,GRAND PRIX OF JAPAN,JPN,Q,2026-10-03T10:50:00+00:00,NOT-STARTED,v4_motogp_sessions_jpn,False
8b832d9d-d2ef-4e16-b0f4-0e7366d35633,GRAND PRIX OF JAPAN,JPN,Q,2026-10-03T11:15:00+00:00,NOT-STARTED,v4_motogp_sessions_jpn,False
f130e30d-6ddb-4a28-84ef-0c7167020894,GRAND PRIX OF JAPAN,JPN,SPR,2026-10-03T15:00:00+00:00,NOT-STARTED,v4_motogp_sessions_jpn,False
6ee51eb2-fed4-4676-b4bc-b1c6818ebac1,GRAND PRIX OF JAPAN,JPN,WUP,2026-10-04T09:40:00+00:00,NOT-STARTED,v4_motogp_sessions_jpn,False
a650e254-0990-40d4-a558-a76b1a9d747b,GRAND PRIX OF JAPAN,JPN,RAC,2026-10-04T14:00:00+00:00,NOT-STARTED,v4_motogp_sessions_jpn,False
bd7ca50e-e5a4-4d27-b4ef-9cc4e3afe1ef,GRAND PRIX OF INDONESIA,INA,FP,2026-10-09T10:45:00+00:00,NOT-STARTED,v4_motogp_sessions_ina,False
7641370f-c2a2-4f9e-94a4-d3403b1fe8f0,GRAND PRIX OF INDONESIA,INA,PR,2026-10-09T15:00:00+00:00,NOT-STARTED,v4_motogp_sessions_ina,False
3fd74fc1-3dec-4c24-9f55-396c5248a8af,GRAND PRIX OF INDONESIA,INA,FP,2026-10-10T10:10:00+00:00,NOT-STARTED,v4_motogp_sessions_ina,False
e8eca32d-f4c5-4d16-9416-b29ea1991914,GRAND PRIX OF INDONESIA,INA,Q,2026-10-10T10:50:00+00:00,NOT-STARTED,v4_motogp_sessions_ina,False
d1e894fa-687c-4208-ad64-eec4e392cd59,GRAND PRIX OF INDONESIA,INA,Q,2026-10-10T11:15:00+00:00,NOT-STARTED,v4_motogp_sessions_ina,False
c9982d81-11e7-4f9e-a1cf-c7f47d66cf74,GRAND PRIX OF INDONESIA,INA,SPR,2026-10-10T15:00:00+00:00,NOT-STARTED,v4_motogp_sessions_ina,False
e2ef187a-7b63-42ee-b51b-93c9d2beee33,GRAND PRIX OF INDONESIA,INA,WUP,2026-10-11T10:40:00+00:00,NOT-STARTED,v4_motogp_sessions_ina,False
6ff94bbd-cece-46d7-bc92-37fbed0fa047,GRAND PRIX OF INDONESIA,INA,RAC,2026-10-11T14:00:00+00:00,NOT-STARTED,v4_motogp_sessions_ina,False
8908f004-0b16-4d56-be8a-e044f8a7d063,GRAND PRIX OF AUSTRALIA,AUS,FP,2026-10-23T10:45:00+00:00,NOT-STARTED,v4_motogp_sessions_aus,False
b2c45064-acf1-411e-b51a-4f23c41c575d,GRAND PRIX OF AUSTRALIA,AUS,PR,2026-10-23T15:00:00+00:00,NOT-STARTED,v4_motogp_sessions_aus,False
6cfda5f3-ac44-4eda-ae59-83ee7ffea24f,GRAND PRIX OF AUSTRALIA,AUS,FP,2026-10-24T10:10:00+00:00,NOT-STARTED,v4_motogp_sessions_aus,False
baf77e74-ce7f-45d7-af9a-e66c1e668e16,GRAND PRIX OF AUSTRALIA,AUS,Q,2026-10-24T10:50:00+00:00,NOT-STARTED,v4_motogp_sessions_aus,False
450aa1a8-f18a-4a16-acf4-80af5107f75f,GRAND PRIX OF AUSTRALIA,AUS,Q,2026-10-24T11:15:00+00:00,NOT-STARTED,v4_motogp_sessions_aus,False
d2fdd690-33d9-4cc7-87af-9db286a825b8,GRAND PRIX OF AUSTRALIA,AUS,SPR,2026-10-24T15:00:00+00:00,NOT-STARTED,v4_motogp_sessions_aus,False
076f525d-f965-4e06-b682-0742a09c8cc2,GRAND PRIX OF AUSTRALIA,AUS,WUP,2026-10-25T09:40:00+00:00,NOT-STARTED,v4_motogp_sessions_aus,False
963e4ac1-6a6d-4a48-9c91-72685599a9b6,GRAND PRIX OF AUSTRALIA,AUS,RAC,2026-10-25T14:00:00+00:00,NOT-STARTED,v4_motogp_sessions_aus,False
9d85b9eb-a2e7-40c9-aa97-fe4e27e13e05,GRAND PRIX OF MALAYSIA,MAL,FP,2026-10-30T10:45:00+00:00,NOT-STARTED,v4_motogp_sessions_mal,False
859f3c68-e84a-4a4c-8a5e-47a40ef45f93,GRAND PRIX OF MALAYSIA,MAL,PR,2026-10-30T15:00:00+00:00,NOT-STARTED,v4_motogp_sessions_mal,False
767d0f36-004b-4b3f-b062-0da30457951b,GRAND PRIX OF MALAYSIA,MAL,FP,2026-10-31T10:10:00+00:00,NOT-STARTED,v4_motogp_sessions_mal,False
72ab6dde-d667-4315-bba9-3df16da77acd,GRAND PRIX OF MALAYSIA,MAL,Q,2026-10-31T10:50:00+00:00,NOT-STARTED,v4_motogp_sessions_mal,False
e22e617f-7924-4186-907f-2fb629bd336d,GRAND PRIX OF MALAYSIA,MAL,Q,2026-10-31T11:15:00+00:00,NOT-STARTED,v4_motogp_sessions_mal,False
dd4734d2-1b5f-4c61-9b6c-7129824319c3,GRAND PRIX OF MALAYSIA,MAL,SPR,2026-10-31T15:00:00+00:00,NOT-STARTED,v4_motogp_sessions_mal,False
d55c880a-d9be-44e3-9351-62e3fd8b9372,GRAND PRIX OF MALAYSIA,MAL,WUP,2026-11-01T10:40:00+00:00,NOT-STARTED,v4_motogp_sessions_mal,False
f8adeb74-3941-43e1-91cd-e1883f341ded,GRAND PRIX OF MALAYSIA,MAL,RAC,2026-11-01T15:00:00+00:00,NOT-STARTED,v4_motogp_sessions_mal,False
d1022c09-0af2-4e5d-b4ac-fba02562fb0c,GRAND PRIX OF QATAR,QAT,FP,2026-11-04T15:45:00+00:00,NOT-STARTED,v4_motogp_sessions_qat,False
ef26a201-6a9c-4e9b-a97c-6df91e5132bf,GRAND PRIX OF QATAR,QAT,PR,2026-11-04T20:00:00+00:00,NOT-STARTED,v4_motogp_sessions_qat,False
1ef9fd35-2e75-4f3c-ac40-cd6b36341514,GRAND PRIX OF QATAR,QAT,FP,2026-11-05T15:00:00+00:00,NOT-STARTED,v4_motogp_sessions_qat,False
b02a9a45-2460-47da-b4ff-a4af64d4c7de,GRAND PRIX OF QATAR,QAT,Q,2026-11-05T15:40:00+00:00,NOT-STARTED,v4_motogp_sessions_qat,False
f167c84a-83d8-4865-96f0-a5774f7352a4,GRAND PRIX OF QATAR,QAT,Q,2026-11-05T16:05:00+00:00,NOT-STARTED,v4_motogp_sessions_qat,False
a0b6a09b-0a93-4181-8614-7bcc0c507381,GRAND PRIX OF QATAR,QAT,SPR,2026-11-05T20:00:00+00:00,NOT-STARTED,v4_motogp_sessions_qat,False
9a5a5e3c-66b6-45b6-af3a-76f874b9ce9f,GRAND PRIX OF QATAR,QAT,WUP,2026-11-06T15:40:00+00:00,NOT-STARTED,v4_motogp_sessions_qat,False
67c2f209-bea0-47e9-9375-d7958fd4fe1d,GRAND PRIX OF QATAR,QAT,RAC,2026-11-06T20:00:00+00:00,NOT-STARTED,v4_motogp_sessions_qat,False
82b84060-798d-46ff-94e7-24980722afcf,GRAND PRIX OF PORTUGAL,POR,FP,2026-11-13T10:45:00+00:00,NOT-STARTED,v4_motogp_sessions_por,False
9ce0ac03-0824-4ae6-94f7-fafc517e69ea,GRAND PRIX OF PORTUGAL,POR,PR,2026-11-13T15:00:00+00:00,NOT-STARTED,v4_motogp_sessions_por,False
af8ef8e4-a1e8-4c21-818a-70e3fc216635,GRAND PRIX OF PORTUGAL,POR,FP,2026-11-14T10:10:00+00:00,NOT-STARTED,v4_motogp_sessions_por,False
c57db23b-19a8-479b-a7bf-e71a02f9f3bf,GRAND PRIX OF PORTUGAL,POR,Q,2026-11-14T10:50:00+00:00,NOT-STARTED,v4_motogp_sessions_por,False
da48a0ce-febf-487b-9fc2-b609c3c71ea2,GRAND PRIX OF PORTUGAL,POR,Q,2026-11-14T11:15:00+00:00,NOT-STARTED,v4_motogp_sessions_por,False
245ed850-b33b-4fc5-89e2-a759c9373ba5,GRAND PRIX OF PORTUGAL,POR,SPR,2026-11-14T15:00:00+00:00,NOT-STARTED,v4_motogp_sessions_por,False
4a61d06e-3141-4d07-9e1c-5fa8eeb42d7e,GRAND PRIX OF PORTUGAL,POR,WUP,2026-11-15T09:40:00+00:00,NOT-STARTED,v4_motogp_sessions_por,False
c39523d9-4eea-4796-b7c2-f83c1e2a4154,GRAND PRIX OF PORTUGAL,POR,RAC,2026-11-15T13:00:00+00:00,NOT-STARTED,v4_motogp_sessions_por,False
3f860f7e-8060-479e-98e9-4761ce828da9,GRAND PRIX OF VALENCIA,VAL,FP,2026-11-20T10:45:00+00:00,NOT-STARTED,v4_motogp_sessions_val,False
9e33e708-df60-48da-b92f-f20f9143474c,GRAND PRIX OF VALENCIA,VAL,PR,2026-11-20T15:00:00+00:00,NOT-STARTED,v4_motogp_sessions_val,False
b21297bc-37e6-4031-8975-f447b1dd28d8,GRAND PRIX OF VALENCIA,VAL,FP,2026-11-21T10:10:00+00:00,NOT-STARTED,v4_motogp_sessions_val,False
049fa824-94c2-4376-a4c7-a0019d168c36,GRAND PRIX OF VALENCIA,VAL,Q,2026-11-21T10:50:00+00:00,NOT-STARTED,v4_motogp_sessions_val,False
eb07f3f3-979e-4dbd-b04b-3a679744f981,GRAND PRIX OF VALENCIA,VAL,Q,2026-11-21T11:15:00+00:00,NOT-STARTED,v4_motogp_sessions_val,False
d7a89423-9dfe-40c1-b374-5021c27c1906,GRAND PRIX OF VALENCIA,VAL,SPR,2026-11-21T15:00:00+00:00,NOT-STARTED,v4_motogp_sessions_val,False
347e6c09-08de-4aea-8754-bca96ee929fe,GRAND PRIX OF VALENCIA,VAL,WUP,2026-11-22T09:40:00+00:00,NOT-STARTED,v4_motogp_sessions_val,False
64959be5-20eb-4477-8a6d-ae6cad3463f8,GRAND PRIX OF VALENCIA,VAL,RAC,2026-11-22T14:00:00+00:00,NOT-STARTED,v4_motogp_sessions_val,False
